Dia do Mes,Dia da Semana,Feriado / FDS,Hora,Chuva,Valor Cartela,Premiacao,Resultado
2,2,0,12.25,0,0.5,150,-24.9
2,2,0,12.5,0,0.25,125,-1.7
2,2,0,12.75,0,0.5,150,37.2
2,2,0,13,0,1,300,60
2,2,0,13.25,0,0.25,140,48.88
2,2,0,13.5,0,0.5,160,33.05
2,2,0,13.75,0,0.25,140,48.1
2,2,0,14,0,1,250,-19.5
2,2,0,14.25,0,0.5,170,5.5
2,2,0,14.5,0,0.25,145,7.55
2,2,0,14.75,0,0.5,170,29.35
2,2,0,15,0,1,250,-103.3
2,2,0,15.33333333,0,0.25,150,87.38
2,2,0,15.66666667,0,0.1,140,108.86
2,2,0,16,0,0.5,180,133.4
2,2,0,16.33333333,0,0.25,160,121.65
2,2,0,16.66666667,0,0.5,180,61.4
2,2,0,17,0,1,300,72.6
2,2,0,17.25,0,0.1,150,14.43
2,2,0,17.5,0,0.2,160,61.94
2,2,0,17.75,0,0.5,240,62.05
2,2,0,18,0,2,700,49
2,2,0,18.25,0,0.5,300,59.3
2,2,0,18.5,0,1,380,-91.8
2,2,0,18.75,0,0.5,300,-73.95
2,2,0,19,0,2,600,-218.2
2,2,0,19.25,0,0.5,250,-16.05
2,2,0,19.5,0,1,380,-60.3
2,2,0,19.75,0,0.5,250,-26.95
2,2,0,20,0,2,600,-182
2,2,0,20.25,0,0.5,240,16.85
2,2,0,20.5,0,1,360,-91.8
2,2,0,20.75,0,0.25,180,-46.03
2,2,0,21,0,0.5,250,-127.85
2,2,0,21.25,0,0.25,180,-57.63
2,2,0,21.5,0,0.5,240,-93.2
2,2,0,21.75,0,0.25,180,-56.73
3,3,0,12.25,1,0.5,150,207.8
3,3,0,12.5,1,0.25,125,146.35
3,3,0,12.75,1,0.5,150,16.05
3,3,0,13,1,1,300,-43.5
3,3,0,13.25,1,0.25,140,119.65
3,3,0,13.5,1,0.5,160,24.95
3,3,0,13.75,1,0.25,140,15.03
3,3,0,14,1,1,250,-47.5
3,3,0,14.25,1,0.5,170,98.65
3,3,0,14.5,1,0.25,145,192.28
3,3,0,14.75,1,0.5,170.01,-21.51
3,3,0,15,1,1,250,46.1
3,3,0,15.33333333,1,0.25,150,169.05
3,3,0,15.66666667,1,0.1,140,181.8
3,3,0,16,1,0.5,180,81.45
3,3,0,16.33333333,1,0.25,1547.55,-1217.53
3,3,0,16.66666667,1,0.5,180,30.6
3,3,0,17,1,1,300,98.5
3,3,0,17.25,1,0.1,150,147.28
3,3,0,17.5,1,0.2,160,38.18
3,3,0,17.75,1,0.5,240.01,85.89
3,3,0,18,1,2,700,22
3,3,0,18.25,1,0.5,300,74.4
3,3,0,18.5,1,1,380,162.7
3,3,0,18.75,1,0.5,300,253.5
3,3,0,19,1,2,600,-94.2
3,3,0,19.25,1,0.5,250,130.7
3,3,0,19.5,1,1,380,-39.6
3,3,0,19.75,1,0.5,250,245.1
3,3,0,20,1,2,600,-106.4
3,3,0,20.25,1,0.5,240,-4.55
3,3,0,20.5,1,1,360,-110.6
3,3,0,20.75,1,0.25,180,97.3
3,3,0,21,1,0.5,250,-74.5
3,3,0,21.25,1,0.25,180,18.55
3,3,0,21.5,1,0.5,240,23.7
3,3,0,21.75,1,0.25,180,24.08
4,4,0,12.25,1,0.5,150,7.95
4,4,0,12.5,1,0.25,125,53.65
4,4,0,12.75,1,0.5,150,20.1
4,4,0,13,1,1,300,-52.5
4,4,0,13.25,1,0.25,140,39.33
4,4,0,13.5,1,0.5,160,-35.35
4,4,0,13.75,1,0.25,140,0.63
4,4,0,14,1,0.25,125,3.48
4,4,0,14.25,1,0.5,160,137
4,4,0,14.5,1,0.25,145,-3.93
4,4,0,14.75,1,0.5,170,210.7
4,4,0,15,1,0.5,150,-44.25
4,4,0,15.33333333,1,0.25,150,-14.1
4,4,0,15.66666667,1,0.1,140,31.36
4,4,0,16,1,0.5,180,4.95
4,4,0,16.33333333,1,0.25,160,-4.98
4,4,0,16.66666667,1,0.5,180,39.15
4,4,0,17,1,1,300,-8.3
4,4,0,17.25,1,0.1,150,29.63
4,4,0,17.5,1,0.2,160,37.26
4,4,0,17.75,1,0.5,240,78.65
4,4,0,18,1,2,700,216.4
4,4,0,18.25,1,0.5,300,117.65
4,4,0,18.5,1,1,380,22.4
4,4,0,18.75,1,0.5,300,47.4
4,4,0,19,1,2,600,93.2
4,4,0,19.25,1,0.5,300,17.3
4,4,0,19.5,1,1,380,38.5
4,4,0,19.75,1,0.5,300,15.3
4,4,0,20,1,2,600,-52.8
4,4,0,20.25,1,0.5,240,-17
4,4,0,20.5,1,1,360,-108.7
4,4,0,20.75,1,0.25,180,24.63
4,4,0,21,1,0.5,250,-107.3
4,4,0,21.25,1,0.25,180,25.53
4,4,0,21.5,1,0.5,240,-60.25
4,4,0,21.75,1,0.25,180,-63.03
5,5,1,12.25,1,0.5,160,-42.55
5,5,1,12.5,1,0.25,150,-4.65
5,5,1,12.75,1,0.5,160,-34.45
5,5,1,13,1,1,300,-79.5
5,5,1,13.25,1,0.25,155,36.03
5,5,1,13.5,1,0.5,165,-48.45
5,5,1,13.75,1,0.25,155,-37.3
5,5,0,14,1,0.1,145,4.67
5,5,0,14.25,1,0.5,170,-52.1
5,5,0,14.5,1,0.25,160.01,-23.89
5,5,0,14.75,1,0.5,170,-5.75
5,5,0,15,1,0.2,155,-39.06
5,5,0,15.33333333,1,0.25,165,76.43
5,5,0,15.66666667,1,0.1,150.01,21.08
5,5,0,16,1,0.5,190,31.4
5,5,0,16.33333333,1,0.25,170,-19
5,5,0,16.66666667,1,0.2,195,12.74
5,5,0,17,1,0.5,550,298.4
5,5,0,17.25,1,0.1,159.98,51.36
5,5,0,17.5,1,0.2,175,41.2
5,5,0,17.75,1,0.5,240,97.6
5,5,0,18,1,1,1100,113.9
5,5,0,18.25,1,0.5,300,109.55
5,5,0,18.5,1,1,380,-36.9
5,5,0,18.75,1,0.5,300,147.55
5,5,0,19,1,1,1100,205.4
5,5,0,19.25,1,0.5,300,150.6
5,5,0,19.5,1,1,380,-34.3
5,5,0,19.75,1,0.5,300,40.4
5,5,0,20,1,0.2,1100,131.84
5,5,0,20.25,1,0.5,240,52.9
5,5,0,20.5,1,1,360,-83.5
5,5,0,20.75,1,0.25,190,58.93
5,5,0,21,1,0.5,250,-5.2
5,5,0,21.25,1,0.25,190,0.55
5,5,0,21.5,1,0.5,240,-2.65
5,5,0,21.75,1,0.25,170,-26.28
6,6,0,12.25,0,0.5,160,-82.6
6,6,0,12.5,0,0.25,150,-59.78
6,6,0,12.75,0,0.5,160,-76.75
6,6,0,13,0,1,300,-83
6,6,0,13.25,0,0.25,155,-58.03
6,6,0,13.5,0,0.5,165.01,-87.61
6,6,0,13.75,0,0.25,155,-50.15
6,6,0,14,0,0.1,145,26.18
6,6,0,14.25,0,0.5,170,-19.65
6,6,0,14.5,0,0.25,160.01,21.12
6,6,0,14.75,0,0.5,170,-3.45
6,6,0,15,0,0.2,155,-44
6,6,0,15.33333333,0,0.25,165,1.83
6,6,0,15.66666667,0,0.1,150,52.17
6,6,0,16,0,0.5,190,47.4
6,6,0,16.33333333,0,0.25,170,39.15
6,6,0,16.66666667,0,0.2,194.99,67.81
6,6,0,17,0,0.5,550,-44
6,6,0,17.25,0,0.1,160,36.66
6,6,0,17.5,0,0.2,175,-8.1
6,6,0,17.75,0,0.5,240,8.4
6,6,0,18,0,1,1100,-254.7
6,6,0,18.25,0,0.5,300,166.9
6,6,0,18.5,0,1,380,54.1
6,6,0,18.75,0,0.5,300,148.35
6,6,0,19,0,1,1100,-318.5
6,6,0,19.25,0,0.5,300,25.95
6,6,0,19.5,0,1,380,-20.7
6,6,0,19.75,0,0.5,300,-28.1
6,6,0,20,0,0.2,1100,190.92
6,6,0,20.41666667,0,1.420098847,7000,-3113
6,6,0,20.75,0,0.25,550,199.03
6,6,0,21,0,0.5,250,76.35
6,6,0,21.33333333,0,0.25,190,3.33
6,6,0,21.66666667,0,0.5,240,0.25
7,7,1,12.25,1,0.5,160,0.65
7,7,1,12.5,1,0.25,150,59.25
7,7,1,12.75,1,0.5,160,21.85
7,7,1,13,1,1,300,-31.7
7,7,1,13.25,1,0.25,155,34.8
7,7,1,13.5,1,0.5,165,-16.25
7,7,1,13.75,1,0.25,155,100.73
7,7,1,14,1,0.1,145,61.04
7,7,1,14.25,1,0.5,170,55.15
7,7,1,14.5,1,0.25,160,59.85
7,7,1,14.75,1,0.5,170,13.65
7,7,1,15,1,0.2,155,-33.92
7,7,1,15.33333333,1,0.25,165,33.63
7,7,1,15.66666667,1,0.1,150,40.76
7,7,1,16,1,0.5,190,69.45
7,7,1,16.33333333,1,0.25,170.01,80.67
7,7,1,16.66666667,1,0.2,195,91.22
7,7,1,17,1,0.5,550.01,103.79
7,7,1,17.25,1,0.1,160,36.52
7,7,1,17.5,1,0.2,175,54.24
7,7,1,17.75,1,0.5,240,-26.7
7,7,1,18,1,1,600,-202.8
7,7,1,18.25,1,0.5,300,-30.8
7,7,1,18.5,1,1,380,-102.7
7,7,1,18.75,1,0.5,300,-21.65
7,7,1,19,1,1,1100,-210.8
7,7,1,19.25,1,0.5,300,-10.85
7,7,1,19.5,1,1,380,-138.8
7,7,1,19.75,1,0.5,300,-114.6
7,7,1,20,1,0.2,1100,-420.48
7,7,1,20.25,1,0.5,240,-122.9
7,7,1,20.5,1,1,360,-221.2
7,7,1,20.75,1,0.25,180,-52.88
7,7,1,21,1,0.5,250,-8.9
7,7,1,21.25,1,0.25,180,-38.4
7,7,1,21.5,1,0.5,240,-32
7,7,1,21.75,1,0.25,180,-49.25
9,2,0,12.25,1,0.5,150,-40.65
9,2,0,12.5,1,0.25,125,-41.75
9,2,0,12.75,1,0.5,150,-36.6
9,2,0,13,1,1,300,-103.7
9,2,0,13.25,1,0.25,140,-33.1
9,2,0,13.5,1,0.5,160,-6.55
9,2,0,13.75,1,0.25,140,11.9
9,2,0,14,1,1,250,78.6
9,2,0,14.25,1,0.5,170,52.75
9,2,0,14.5,1,0.25,145,4.18
9,2,0,14.75,1,0.5,170,22.6
9,2,0,15,1,1,250,-16.9
9,2,0,15.33333333,1,0.25,150,37.2
9,2,0,15.66666667,1,0.1,140,2.65
9,2,0,16,1,0.5,180,131.4
9,2,0,16.33333333,1,0.25,160,93.35
9,2,0,16.66666667,1,0.5,180,173.25
9,2,0,17,1,1,300,15.9
9,2,0,17.25,1,0.1,150,19.65
9,2,0,17.5,1,0.2,160,47.36
9,2,0,17.75,1,0.5,240.01,38.09
9,2,0,18,1,2,700,146.2
9,2,0,18.25,1,0.5,300,137.45
9,2,0,18.5,1,1,380,80
9,2,0,18.75,1,0.5,300,68.15
9,2,0,19,1,2,600,-47.2
9,2,0,19.25,1,0.5,250.01,-6.51
9,2,0,19.5,1,1,380,-111.7
9,2,0,19.75,1,0.5,250,33.05
9,2,0,20,1,2,600,-33
9,2,0,20.25,1,0.5,240,35.4
9,2,0,20.5,1,1,360,-75.6
9,2,0,20.75,1,0.25,180,-63.23
9,2,0,21,1,0.5,250,-73.15
9,2,0,21.25,1,0.25,180,-60.75
9,2,0,21.5,1,0.5,240,-44.25
9,2,0,21.75,1,0.25,180,-66.38
10,3,0,12.25,0,0.5,150,-48.3
10,3,0,12.5,0,0.25,125,37.55
10,3,0,12.75,0,0.5,150,-16.25
10,3,0,13,0,1,300,-75.7
10,3,0,13.25,0,0.25,140,-36.03
10,3,0,13.5,0,0.5,160,-57.25
10,3,0,13.75,0,0.25,140,-29.18
10,3,0,14,0,1,250,-70.6
10,3,0,14.25,0,0.5,170,-64.55
10,3,0,14.5,0,0.25,145,73.05
10,3,0,14.75,0,0.5,170,27.75
10,3,0,15,0,1,250,-77.8
10,3,0,15.33333333,0,0.25,150,-11.78
10,3,0,15.66666667,0,0.1,140,19.41
10,3,0,16,0,0.5,180,-14.7
10,3,0,16.33333333,0,0.25,160,25.88
10,3,0,16.66666667,0,0.5,180,12.15
10,3,0,17,0,1,300,-38.1
10,3,0,17.25,0,0.1,150,33.51
10,3,0,17.5,0,0.2,160,78.7
10,3,0,17.75,0,0.5,240,182.6
10,3,0,18,0,2,700,85
10,3,0,18.25,0,0.5,300,79.8
10,3,0,18.5,0,1,380,43.1
10,3,0,18.75,0,0.5,300,123.6
10,3,0,19,0,2,600.01,174.19
10,3,0,19.25,0,0.5,250,47.2
10,3,0,19.5,0,1,380,-115.3
10,3,0,19.75,0,0.5,250,-59.5
10,3,0,20,0,2,600,-138.8
10,3,0,20.25,0,0.5,240,-9
10,3,0,20.5,0,1,360,104.8
10,3,0,20.75,0,0.25,180,118.48
10,3,0,21,0,0.5,250.01,121.59
10,3,0,21.25,0,0.25,180,83.55
10,3,0,21.5,0,0.5,240,18.95
10,3,0,21.75,0,0.25,180,22.23
11,4,0,12.25,0,0.5,150,53.85
11,4,0,12.5,0,0.25,125,97.1
11,4,0,12.75,0,0.5,150,83.1
11,4,0,13,0,1,300,123
11,4,0,13.25,0,0.25,140,136.75
11,4,0,13.5,0,0.5,160,58.25
11,4,0,13.75,0,0.25,140,145.98
11,4,0,14,0,0.25,125,94.83
11,4,0,14.25,0,0.5,160,77.2
11,4,0,14.5,0,0.25,145,81.35
11,4,0,14.75,0,0.5,170,3.25
11,4,0,15,0,0.5,150,19.2
11,4,0,15.33333333,0,0.25,150,85.13
11,4,0,15.66666667,0,0.1,140,50.62
11,4,0,16,0,0.5,180,108.6
11,4,0,16.33333333,0,0.25,160,44.45
11,4,0,16.66666667,0,0.5,180,94.3
11,4,0,17,0,1,300,95.9
11,4,0,17.25,0,0.1,150,36.26
11,4,0,17.5,0,0.2,160,62.6
11,4,0,17.75,0,0.5,240,98.75
11,4,0,18,0,2,700,123.6
11,4,0,18.25,0,0.5,300,185.1
11,4,0,18.5,0,1,380,169.2
11,4,0,18.75,0,0.5,300,118.55
11,4,0,19,0,2,600,-28.6
11,4,0,19.25,0,0.5,300,75.05
11,4,0,19.5,0,1,380,4.6
11,4,0,19.75,0,0.5,300,-9.1
11,4,0,20,0,2,600,106
11,4,0,20.41666667,0,0.514157793,3000,-130.83
11,4,0,20.75,0,0.25,180,201.65
11,4,0,21,0,0.5,250,85.7
11,4,0,21.25,0,0.25,180,95.6
11,4,0,21.5,0,0.5,240,41
11,4,0,21.75,0,0.25,180,23.28
12,5,0,21.75,1,0.05,100,-76.15
13,6,1,12.25,1,0.5,150,-22.1
13,6,1,12.5,1,0.25,125,12.25
13,6,1,12.75,1,0.5,150,40.4
13,6,1,13,1,1,300,77.2
13,6,1,13.25,1,0.25,140,181.98
13,6,1,13.5,1,0.5,160,83.9
13,6,1,13.75,1,0.25,140,123.28
13,6,1,14,1,1,250,21.9
13,6,1,14.25,1,0.5,170,65.35
13,6,1,14.5,1,0.25,145,75.95
13,6,0,14.75,1,0.5,170,69.4
13,6,0,15,1,1,250,54.3
13,6,0,15.33333333,1,0.25,150,105.38
13,6,0,15.66666667,1,0.1,140,151.06
13,6,0,16,1,0.5,180,106.8
13,6,0,16.33333333,1,0.25,160,82.05
13,6,0,16.66666667,1,0.5,180,133.45
13,6,0,17,1,1,300,181.2
13,6,0,17.25,1,0.1,150,175.32
13,6,0,17.5,1,0.2,160,160.54
13,6,0,17.75,1,0.5,240,165.95
13,6,0,18,1,2,700,184.2
13,6,0,18.25,1,0.5,300,202.55
13,6,0,18.5,1,1,380,224.3
13,6,0,18.75,1,0.5,300,141.05
13,6,0,19,1,2,600,138.6
13,6,0,19.25,1,0.5,250,39.7
13,6,0,19.5,1,1,380,16.3
13,6,0,19.75,1,0.5,250,138.05
13,6,0,20,1,2,600,-85.4
13,6,0,20.41666667,1,0.486011155,3000,-566.58
13,6,0,20.75,1,0.25,550,123.58
13,6,0,21,1,0.5,250,52.6
13,6,0,21.33333333,1,0.25,190,21.35
13,6,0,21.66666667,1,0.5,240,-63.15
14,7,1,12.25,0,0.5,160,22.95
14,7,1,12.5,0,0.25,150,43.38
14,7,1,12.75,0,0.5,160,60.6
14,7,1,13,0,1,300,89
14,7,1,13.25,0,0.25,155,125.23
14,7,1,13.5,0,0.5,165,70.95
14,7,1,13.75,0,0.25,155,172.48
14,7,1,14,0,0.1,145.01,160.57
14,7,1,14.25,0,0.5,170,185.6
14,7,1,14.5,0,0.25,160,132.08
14,7,1,14.75,0,0.5,170,161.45
14,7,1,15,0,0.2,155,190.82
14,7,1,15.33333333,0,0.25,165,209
14,7,1,15.66666667,0,0.1,150,256.72
14,7,1,16,0,0.5,190,122.2
14,7,1,16.33333333,0,0.25,170,110.38
14,7,1,16.66666667,0,0.2,195,77.38
14,7,1,17,0,0.5,550,217.55
14,7,1,17.25,0,0.1,160,21.6
14,7,1,17.5,0,0.2,175,-13.3
14,7,1,17.75,0,0.5,240,-40.75
14,7,1,18,0,1,600,-117.8
14,7,1,18.25,0,0.5,300,-80.65
14,7,1,18.5,0,1,380,-127.7
14,7,1,18.75,0,0.5,300,-77.15
14,7,1,19,0,1,1100,-173.1
14,7,1,19.25,0,0.5,300,19.1
14,7,1,19.5,0,1,380,-132.9
14,7,1,19.75,0,0.5,300,-64.85
14,7,1,20,0,0.2,2594.57,-1961.57
14,7,1,20.25,0,0.5,240,-44.7
14,7,1,20.5,0,1,360,-114
14,7,1,20.75,0,0.25,180,-19.93
14,7,1,21,0,0.5,250,12.95
14,7,1,21.25,0,0.25,180,-61.88
14,7,1,21.5,0,0.5,240,-47.8
14,7,1,21.75,0,0.25,180,-42.08
16,2,0,12.25,0,0.5,150,-5.1
16,2,0,12.5,0,0.25,125,47.58
16,2,0,12.75,0,0.5,150,-1.45
16,2,0,13,0,1,300,-108.2
16,2,0,13.25,0,0.25,140,8.28
16,2,0,13.5,0,0.5,160,-27.7
16,2,0,13.75,0,0.25,140,36.18
16,2,0,14,0,1,250,-123.1
16,2,0,14.25,0,0.5,170,-66
16,2,0,14.5,0,0.25,145,44.48
16,2,0,14.75,0,0.5,170,-18.8
16,2,0,15,0,1,250,-124
16,2,0,15.33333333,0,0.25,150,65.78
16,2,0,15.66666667,0,0.1,140,1.66
16,2,0,16,0,0.5,180,-9.4
16,2,0,16.33333333,0,0.25,160,-12.6
16,2,0,16.66666667,0,0.5,180,44.6
16,2,0,17,0,1,300,-9.2
16,2,0,17.25,0,0.1,150,-32.37
16,2,0,17.5,0,0.2,160,21.62
16,2,0,17.75,0,0.5,240,133.95
16,2,0,18,0,2,700,39.8
16,2,0,18.25,0,0.5,300,123.1
16,2,0,18.5,0,1,380,107
16,2,0,18.75,0,0.5,300,130.3
16,2,0,19,0,2,600,226.2
16,2,0,19.25,0,0.5,250,112.4
16,2,0,19.5,0,1,380,-52.1
16,2,0,19.75,0,0.5,250,38.95
16,2,0,20,0,2,600,-345.6
16,2,0,20.25,0,0.5,240,12.05
16,2,0,20.5,0,1,360,-97.7
16,2,0,20.75,0,0.25,180,61.75
16,2,0,21,0,0.5,250.01,-42.81
16,2,0,21.25,0,0.25,180,-47.83
16,2,0,21.5,0,0.5,240,-13.8
16,2,0,21.75,0,0.25,180,-45.83
17,3,0,12.25,1,0.5,150,7.05
17,3,0,12.5,1,0.25,124.99,74.81
17,3,0,12.75,1,0.5,150,77.25
17,3,0,13,1,1,300,-64.2
17,3,0,13.25,1,0.25,140,77.58
17,3,0,13.5,1,0.5,160,42.6
17,3,0,13.75,1,0.25,140,39.78
17,3,0,14,1,1,250,-42.9
17,3,0,14.25,1,0.5,170,-57.85
17,3,0,14.5,1,0.25,145,51.88
17,3,0,14.75,1,0.5,170,-44.35
17,3,0,15,1,1,250,-58.2
17,3,0,15.33333333,1,0.25,150,42.25
17,3,0,15.66666667,1,0.1,140,75.64
17,3,0,16,1,0.5,180,86.4
17,3,0,16.33333333,1,0.25,160,104.03
17,3,0,16.66666667,1,0.5,180,58.4
17,3,0,17,1,1,300,-107.1
17,3,0,17.25,1,0.1,150,84.89
17,3,0,17.5,1,0.2,160,42.64
17,3,0,17.75,1,0.5,240,32.6
17,3,0,18,1,2,700,65.8
17,3,0,18.25,1,0.5,300,12.8
17,3,0,18.5,1,1,380,-11.5
17,3,0,18.75,1,0.5,300,45.6
17,3,0,19,1,2,600,162
17,3,0,19.25,1,0.5,250,9.5
17,3,0,19.5,1,1,380,28.6
17,3,0,19.75,1,0.5,250,-42.15
17,3,0,20,1,2,600,-278.6
17,3,0,20.25,1,0.5,240,-22.65
17,3,0,20.5,1,1,360,-143.2
17,3,0,20.75,1,0.25,180,17.68
17,3,0,21,1,0.5,250,-36.25
17,3,0,21.25,1,0.25,180,-10.5
17,3,0,21.5,1,0.5,240,-30.25
17,3,0,21.75,1,0.25,180,36.78
18,4,1,12.25,1,0.5,150,-34.35
18,4,1,12.5,1,0.25,125,-40.85
18,4,1,12.75,1,0.5,150,-4.15
18,4,1,13,1,1,300,-86.6
18,4,0,13.25,1,0.25,140,27.98
18,4,0,13.5,1,0.5,160,38.95
18,4,0,13.75,1,0.25,140,8.2
18,4,0,14,1,0.25,125,47.7
18,4,0,14.25,1,0.5,160,6.95
18,4,0,14.5,1,0.25,145,105.78
18,4,0,14.75,1,0.5,170,45.15
18,4,0,15,1,0.5,150,-1.5
18,4,0,15.33333333,1,0.25,150,-0.13
18,4,0,15.66666667,1,0.1,140,-28.85
18,4,0,16,1,0.5,180,-47.65
18,4,0,16.33333333,1,0.25,160,25.18
18,4,0,16.66666667,1,0.5,180,25.8
18,4,0,17,1,1,300,-28.9
18,4,0,17.25,1,0.1,150,34.19
18,4,0,17.5,1,0.2,160,52.78
18,4,0,17.75,1,0.5,240,59
18,4,0,18,1,2,700,29.6
18,4,0,18.25,1,0.5,300,149.5
18,4,0,18.5,1,1,380,95.8
18,4,0,18.75,1,0.5,300,180.95
18,4,0,19,1,2,600,27.6
18,4,0,19.25,1,0.5,300,113.85
18,4,0,19.5,1,1,380,-97.7
18,4,0,19.75,1,0.5,300,98.35
18,4,0,20,1,2,600,9.4
18,4,0,20.41666667,1,1,3000,-1884.9
18,4,0,20.75,1,0.25,180,94.65
18,4,0,21,1,0.5,250,32.7
18,4,0,21.25,1,0.25,180,46.35
18,4,0,21.5,1,0.5,240,105.55
18,4,0,21.75,1,0.25,180,1.88
19,5,0,12.25,0,0.5,160,-81.7
19,5,0,12.5,0,0.25,150,-25.13
19,5,0,12.75,0,0.5,160,-93.4
19,5,0,13,0,1,300,-110.1
19,5,0,13.25,0,0.25,155,-13.7
19,5,0,13.5,0,0.5,165,-26.85
19,5,0,13.75,0,0.25,155,7.9
19,5,0,14,0,0.1,145,-31.87
19,5,0,14.25,0,0.5,170,11.35
19,5,0,14.5,0,0.25,160,114.5
19,5,0,14.75,0,0.5,170,4.15
19,5,0,15,0,0.2,155,32.56
19,5,0,15.33333333,0,0.25,165,70.25
19,5,0,15.66666667,0,0.1,150,62.77
19,5,0,16,0,0.5,190,58.5
19,5,0,16.33333333,0,0.25,170,11.25
19,5,0,16.66666667,0,0.2,195,82.76
19,5,0,17,0,0.5,550,9.8
19,5,0,17.25,0,0.1,160,39.14
19,5,0,17.5,0,0.2,175,51.52
19,5,0,17.75,0,0.5,240,46.25
19,5,0,18,0,1,1100,40.9
19,5,0,18.25,0,0.5,300,210.75
19,5,0,18.5,0,1,380,248.9
19,5,0,18.75,0,0.5,300,99.45
19,5,0,19,0,1,1100,19.7
19,5,0,19.25,0,0.5,300.01,33.49
19,5,0,19.5,0,1,380,-78.6
19,5,0,19.75,0,0.5,300,-89.05
19,5,0,20,0,0.2,1100.01,87.23
19,5,0,20.25,0,0.5,240,-9.9
19,5,0,20.5,0,1,360,-23.1
19,5,0,20.75,0,0.25,190,7.08
19,5,0,21,0,0.5,250,-81.35
19,5,0,21.25,0,0.25,190,-7.4
19,5,0,21.5,0,0.5,240,-14.75
19,5,0,21.75,0,0.25,170,8.45
20,6,0,12.25,0,0.5,150,-55.35
20,6,0,12.5,0,0.25,125,6.73
20,6,0,12.75,0,0.5,150,48.55
20,6,0,13,0,1,300,-57.6
20,6,0,13.25,0,0.25,140,55.3
20,6,0,13.5,0,0.5,160,70.05
20,6,0,13.75,0,0.25,140,87.15
20,6,0,14,0,1,250,-63.5
20,6,0,14.25,0,0.5,170,31.35
20,6,0,14.5,0,0.25,145,85.45
20,6,0,14.75,0,0.5,170,108.55
20,6,0,15,0,1,250,26.3
20,6,0,15.33333333,0,0.25,150,80.65
20,6,0,15.66666667,0,0.1,140,124.11
20,6,0,16,0,0.5,180,66.25
20,6,0,16.33333333,0,0.25,160,147.53
20,6,0,16.66666667,0,0.5,180,59.7
20,6,0,17,0,1,300,212.4
20,6,0,17.25,0,0.1,150,174.25
20,6,0,17.5,0,0.2,160,97.5
20,6,0,17.75,0,0.5,240,187.45
20,6,0,18,0,2,700,240.8
20,6,0,18.25,0,0.5,300,206.75
20,6,0,18.5,0,1,380,288
20,6,0,18.75,0,0.5,300,187.25
20,6,0,19,0,2,600,219.8
20,6,0,19.25,0,0.5,250,131.2
20,6,0,19.5,0,1,379.99,264.21
20,6,0,19.75,0,0.5,250,157.3
20,6,0,20,0,2,600,88.4
20,6,0,20.41666667,0,1.386643234,7000,-1970.3
20,6,0,20.75,0,0.25,1811.09,-974.64
20,6,0,21,0,0.5,250,156.65
20,6,0,21.33333333,0,0.25,190,98.6
20,6,0,21.66666667,0,0.5,240,68.75
21,7,1,12.25,0,0.5,160,6.8
21,7,1,12.5,0,0.25,150,16.1
21,7,1,12.75,0,0.5,160,5
21,7,1,13,0,1,300,-12.5
21,7,1,13.25,0,0.25,155,22.1
21,7,1,13.5,0,0.5,165,52.65
21,7,1,13.75,0,0.25,155,65.1
21,7,1,14,0,0.1,145,153.39
21,7,1,14.25,0,0.5,170,139.8
21,7,1,14.5,0,0.25,160,135.25
21,7,1,14.75,0,0.5,170,46.35
21,7,1,15,0,0.2,155,78.5
21,7,1,15.33333333,0,0.25,165,91.33
21,7,1,15.66666667,0,0.1,150,154.3
21,7,1,16,0,0.5,190,70.75
21,7,1,16.33333333,0,0.25,170,171.45
21,7,1,16.66666667,0,0.2,195,131.74
21,7,1,17,0,0.5,550,393.75
21,7,1,17.25,0,0.1,160,107.67
21,7,1,17.5,0,0.2,175,90.46
21,7,1,17.75,0,0.5,240,68.25
21,7,1,18,0,1,600,61.8
21,7,1,18.25,0,0.5,300.01,45.49
21,7,1,18.5,0,1,380,-5.3
21,7,1,18.75,0,0.5,300,69.85
21,7,1,19,0,1,1100,-28.5
21,7,1,19.25,0,0.5,300,-31.25
21,7,1,19.5,0,1,380,-75.5
21,7,1,19.75,0,0.5,300,-43.25
21,7,1,20,0,0.2,1100.01,18.81
21,7,1,20.25,0,0.5,240,-88.1
21,7,1,20.5,0,1,360,-81
21,7,1,20.75,0,0.25,180,-51.98
21,7,1,21,0,0.5,250,6.6
21,7,1,21.25,0,0.25,180,-21.83
21,7,1,21.5,0,0.5,240,-86.1
21,7,1,21.75,0,0.25,180,-70.55
23,2,0,12.33333333,0,0.5,150,-73.6
23,2,0,12.66666667,0,0.25,125,12.58
23,2,0,13,0,1,300,-89.6
23,2,0,13.33333333,0,0.25,140,17.68
23,2,0,13.66666667,0,0.5,160,-0.05
23,2,0,14,0,1,250,-56.3
23,2,0,14.33333333,0,0.5,170.01,40.59
23,2,0,14.66666667,0,0.25,145,46.25
23,2,0,15,0,1,250,-53.1
23,2,0,15.33333333,0,0.25,150,-4.3
23,2,0,15.66666667,0,0.1,140,-0.47
23,2,0,16,0,0.5,180,39.1
23,2,0,16.33333333,0,0.25,160,60.55
23,2,0,16.66666667,0,0.5,180,55.85
23,2,0,17,0,1,300,-111
23,2,0,17.25,0,0.1,150,-12.36
23,2,0,17.5,0,0.2,160,5.64
23,2,0,17.75,0,0.5,240,33.7
23,2,0,18,0,2,700,289.8
23,2,0,18.25,0,0.5,300,68.1
23,2,0,18.5,0,1,380,-26.5
23,2,0,18.75,0,0.5,300,-4.3
23,2,0,19,0,2,600,-72.4
23,2,0,19.25,0,0.5,250,-89.65
23,2,0,19.5,0,1,380,-134
23,2,0,19.75,0,0.5,250,56.9
23,2,0,20,0,2,600,-96.8
23,2,0,20.25,0,0.5,240,-65.05
23,2,0,20.5,0,1,360,3.3
23,2,0,20.75,0,0.25,180,16.08
23,2,0,21,0,0.5,250.01,16.84
23,2,0,21.25,0,0.25,180,3.53
23,2,0,21.5,0,0.5,240,-61.55
23,2,0,21.75,0,0.25,180,19.63
24,3,0,12.25,0,0.5,150,-18.5
24,3,0,12.5,0,0.25,125,28.78
24,3,0,12.75,0,0.5,150,-2.65
24,3,0,13,0,1,300,-75.7
24,3,0,13.25,0,0.25,140,-21.88
24,3,0,13.5,0,0.5,160,-25.9
24,3,0,13.75,0,0.25,140,12.68
24,3,0,14,0,1,250,-49.1
24,3,0,14.25,0,0.5,170,19.9
24,3,0,14.5,0,0.25,145,84.08
24,3,0,14.75,0,0.5,170,60.4
24,3,0,15,0,1,250,-60.8
24,3,0,15.33333333,0,0.25,150,34.45
24,3,0,15.66666667,0,0.1,140,93.79
24,3,0,16,0,0.5,180,20.3
24,3,0,16.33333333,0,0.25,160,48.75
24,3,0,16.66666667,0,0.5,180,-1.35
24,3,0,17,0,1,300,-61.8
24,3,0,17.25,0,0.1,150,37.12
24,3,0,17.5,0,0.2,160,74.82
24,3,0,17.75,0,0.5,240.01,32.39
24,3,0,18,0,2,700.01,96.79
24,3,0,18.25,0,0.5,300,-39.8
24,3,0,18.5,0,1,380,98
24,3,0,18.75,0,0.5,1421.44,-981.44
24,3,0,19,0,2,600,193.2
24,3,0,19.25,0,0.5,250,-6.5
24,3,0,19.5,0,1,380,-12.7
24,3,0,19.75,0,0.5,250,-7.2
24,3,0,20,0,2,600,-79
24,3,0,20.25,0,0.5,240.01,80.64
24,3,0,20.5,0,1,360,93.4
24,3,0,20.75,0,0.25,180,36.53
24,3,0,21,0,0.5,250,116.8
24,3,0,21.25,0,0.25,180,28.3
24,3,0,21.5,0,0.5,240,-21.6
24,3,0,21.75,0,0.25,180,-41.13
25,4,0,12.25,1,0.5,150,-36.3
25,4,0,12.5,1,0.25,125,-8.6
25,4,0,12.75,1,0.5,150,36.15
25,4,0,13,1,1,300,39.5
25,4,0,13.25,1,0.25,140,-17.28
25,4,0,13.5,1,0.5,160,25.3
25,4,0,13.75,1,0.25,140,8.85
25,4,0,14,1,0.25,125,1.1
25,4,0,14.25,1,0.5,160,13.4
25,4,0,14.5,1,0.25,145,13.38
25,4,0,14.75,1,0.5,170,-24.95
25,4,0,15,1,0.5,150,-74.7
25,4,0,15.33333333,1,0.25,150,36.28
25,4,0,15.66666667,1,0.1,140,21.26
25,4,0,16,1,0.5,180,36.75
25,4,0,16.33333333,1,0.25,160,43.53
25,4,0,16.66666667,1,0.5,180,-17.55
25,4,0,17,1,1,299.99,-54.69
25,4,0,17.25,1,0.1,150,-8.81
25,4,0,17.5,1,0.2,160,65.4
25,4,0,17.75,1,0.5,240,20.2
25,4,0,18,1,2,700,-140.8
25,4,0,18.25,1,0.5,300,104.25
25,4,0,18.5,1,1,380,92.5
25,4,0,18.75,1,0.5,300,180.5
25,4,0,19,1,2,600,269.4
25,4,0,19.25,1,0.5,300,93.4
25,4,0,19.5,1,1,380,50.4
25,4,0,19.75,1,0.5,300,14.05
25,4,0,20,1,2,600,60.8
25,4,0,20.25,1,0.5,240,162.7
25,4,0,20.5,1,1,360,65.4
25,4,0,20.75,1,0.25,180,103.58
25,4,0,21,1,0.5,250,152.9
25,4,0,21.25,1,0.25,180,-22.15
25,4,0,21.5,1,0.5,240,-44.3
25,4,0,21.75,1,0.25,180,-45.43
26,5,0,12.25,0,0.5,150,64.35
26,5,0,12.5,0,0.25,125,16.85
26,5,0,12.75,0,0.5,150,36
26,5,0,13,0,1,300,-56.7
26,5,0,13.25,0,0.25,155,3.13
26,5,0,13.5,0,0.5,165,14.25
26,5,0,13.75,0,0.25,155,26.58
26,5,0,14,0,0.1,145,92.24
26,5,0,14.25,0,0.5,170,-2.65
26,5,0,14.5,0,0.25,160,10.28
26,5,0,14.75,0,0.5,170,-40.45
26,5,0,15,0,0.2,155,-74.54
26,5,0,15.33333333,0,0.25,165,-52.75
26,5,0,15.66666667,0,0.1,150,-43.92
26,5,0,16,0,0.5,190,-33.45
26,5,0,16.33333333,0,0.25,170,-25.13
26,5,0,16.66666667,0,0.2,195,2.66
26,5,0,17,0,0.5,550.01,-83.66
26,5,0,17.25,0,0.1,160,3.46
26,5,0,17.5,0,0.2,175,22.06
26,5,0,17.75,0,0.5,240,-23.6
26,5,0,18,0,1,1100,115.9
26,5,0,18.25,0,0.5,300,55.15
26,5,0,18.5,0,1,380,-4.1
26,5,0,18.75,0,0.5,300,86.1
26,5,0,19,0,1,1100,253.7
26,5,0,19.25,0,0.5,300,30.1
26,5,0,19.5,0,1,380,-29.5
26,5,0,19.75,0,0.5,300,94.45
26,5,0,20,0,0.2,1100,164.28
26,5,0,20.25,0,0.5,240,21.5
26,5,0,20.5,0,1,360,80.6
26,5,0,20.75,0,0.25,190,105
26,5,0,21,0,0.5,250,55.6
26,5,0,21.25,0,0.25,190,6.45
26,5,0,21.5,0,0.5,240.01,40.34
26,5,0,21.75,0,0.25,170,20.35
27,6,0,12.25,1,0.5,160,33.85
27,6,0,12.5,1,0.25,150,62.9
27,6,0,12.75,1,0.5,160,2.2
27,6,0,13,1,1,300,19.8
27,6,0,13.25,1,0.25,155.01,-5.71
27,6,0,13.5,1,0.5,165,69.35
27,6,0,13.75,1,0.25,155,63.38
27,6,0,14,1,0.1,145,110.95
27,6,0,14.25,1,0.5,170,58.2
27,6,0,14.5,1,0.25,160,11.6
27,6,0,14.75,1,0.5,170,-20.5
27,6,0,15,1,0.2,155,-20.94
27,6,0,15.33333333,1,0.25,165,4.53
27,6,0,15.66666667,1,0.1,150,5.94
27,6,0,16,1,0.5,190,-1.7
27,6,0,16.33333333,1,0.25,170,184.73
27,6,0,16.66666667,1,0.2,195,69.92
27,6,0,17,1,0.5,550,46.05
27,6,0,17.25,1,0.1,160,28.08
27,6,0,17.5,1,0.2,174.99,84.19
27,6,0,17.75,1,0.5,240,116.3
27,6,0,18,1,1,1100,440.4
27,6,0,18.25,1,0.5,300,136.6
27,6,0,18.5,1,1,380,197.5
27,6,0,18.75,1,0.5,300,119.5
27,6,0,19,1,1,1100,312.9
27,6,0,19.25,1,0.5,300,174.1
27,6,0,19.5,1,1,380,118.7
27,6,0,19.75,1,0.5,300,261.05
27,6,0,20,1,0.2,1100,470.06
27,6,0,20.41666667,1,1.333553065,5000,-1339.2
27,6,0,20.75,1,0.25,550.01,191.87
27,6,0,21,1,0.5,250,81.5
27,6,0,21.33333333,1,0.25,190,105.88
27,6,0,21.66666667,1,0.5,240,32.65
28,7,1,12.25,0,0.5,160,60.7
28,7,1,12.5,0,0.25,150,40.58
28,7,1,12.75,0,0.5,160,31.15
28,7,1,13,0,1,300,167.9
28,7,1,13.25,0,0.25,155.01,115.72
28,7,1,13.5,0,0.5,165,141.3
28,7,1,13.75,0,0.25,155,83.15
28,7,1,14,0,0.1,145,151.02
28,7,1,14.25,0,0.5,170,3.9
28,7,1,14.5,0,0.25,160,104.13
28,7,1,14.75,0,0.5,170,-14.6
28,7,1,15,0,0.2,155.01,69.57
28,7,1,15.33333333,0,0.25,165,103.08
28,7,1,15.66666667,0,0.1,150,267.38
28,7,1,16,0,0.5,190,58.1
28,7,1,16.33333333,0,0.25,170,183.9
28,7,1,16.66666667,0,0.2,195,155.1
28,7,1,17,0,0.5,550,373.7
28,7,1,17.25,0,0.1,160.01,141.68
28,7,1,17.5,0,0.2,174.99,147.17
28,7,1,17.75,0,0.5,240,65
28,7,1,18,0,1,600,-40.1
28,7,1,18.25,0,0.5,300,-9.55
28,7,1,18.5,0,1,379.99,112.01
28,7,1,18.75,0,0.5,300,-7.25
28,7,1,19,0,1,1100,651
28,7,1,19.25,0,0.5,300,34.7
28,7,1,19.5,0,1,380,-74.3
28,7,1,19.75,0,0.5,300,-45.5
28,7,1,20,0,0.2,1100,433.84
28,7,1,20.25,0,0.5,240,32.1
28,7,1,20.5,0,1,360,-61.3
28,7,1,20.75,0,0.25,180,-58.83
28,7,1,21,0,0.5,250,-13
28,7,1,21.25,0,0.25,180,-10.48
28,7,1,21.5,0,0.5,240,-54.45
28,7,1,21.75,0,0.25,180,-68
30,2,0,12.25,1,0.5,150,-41.75
30,2,0,12.5,1,0.25,125,-1.38
30,2,0,12.75,1,0.5,150,-11.15
30,2,0,13,1,1,300,-66.5
30,2,0,13.25,1,0.25,140,-4.8
30,2,0,13.5,1,0.5,160,-87.7
30,2,0,13.75,1,0.25,140,-26.65
30,2,0,14,1,1,250,-74.4
30,2,0,14.25,1,0.5,170,75.6
30,2,0,14.5,1,0.25,145,-17.98
30,2,0,14.75,1,0.5,170,36.85
30,2,0,15,1,1,250,-63.9
30,2,0,15.33333333,1,0.25,150,78.4
30,2,0,15.66666667,1,0.1,140,100.29
30,2,0,16,1,0.5,180,111.3
30,2,0,16.33333333,1,0.25,160,53.23
30,2,0,16.66666667,1,0.5,180,101.25
30,2,0,17,1,1,300,-93.3
30,2,0,17.25,1,0.1,150,54.81
30,2,0,17.5,1,0.2,160,145.8
30,2,0,17.75,1,0.5,240,60.4
30,2,0,18,1,2,700,10.4
30,2,0,18.25,1,0.5,300,52.2
30,2,0,18.5,1,1,380,-69.6
30,2,0,18.75,1,0.5,300,102.25
30,2,0,19,1,2,600,-97.6
30,2,0,19.25,1,0.5,250,-0.65
30,2,0,19.5,1,1,380,-65.4
30,2,0,19.75,1,0.5,250,19.45
30,2,0,20,1,2,600,-171.4
30,2,0,20.25,1,0.5,240.01,-64.91
30,2,0,20.5,1,1,360,-40.1
30,2,0,20.75,1,0.25,180,15.85
30,2,0,21,1,0.5,250,57.9
30,2,0,21.25,1,0.25,180,106.23
30,2,0,21.5,1,0.5,240,-38.25
30,2,0,21.75,1,0.25,180,-16.45
31,3,0,12.25,1,0.5,150,-54.3
31,3,0,12.5,1,0.25,125,32.05
31,3,0,12.75,1,0.5,150,84.2
31,3,0,13,1,1,300,26.2
31,3,0,13.25,1,0.25,140,50.9
31,3,0,13.5,1,0.5,160,1.05
31,3,0,13.75,1,0.25,140,59.85
31,3,0,14,1,1,250,-13
31,3,0,14.25,1,0.5,170,95.1
31,3,0,14.5,1,0.25,145,104.63
31,3,0,14.75,1,0.5,170,43.4
31,3,0,15,1,1,250,-36.1
31,3,0,15.33333333,1,0.25,150,142.35
31,3,0,15.66666667,1,0.1,140.01,212.08
31,3,0,16,1,0.5,180,143.9
31,3,0,16.33333333,1,0.25,160,90.68
31,3,0,16.66666667,1,0.5,180,93.75
31,3,0,17,1,1,300,-39.4
31,3,0,17.25,1,0.1,150,40.9
31,3,0,17.5,1,0.2,160,122.88
31,3,0,17.75,1,0.5,240,-24.6
31,3,0,18,1,2,700,-235.6
31,3,0,18.25,1,0.5,300,29.7
31,3,0,18.5,1,1,380,98.4
31,3,0,18.75,1,0.5,300,40.2
31,3,0,19,1,2,600,139.6
31,3,0,19.25,1,0.5,250,-23.55
31,3,0,19.5,1,1,380,-142.6
31,3,0,19.75,1,0.5,250,36.5
31,3,0,20,1,2,600,-200.4
31,3,0,20.25,1,0.5,240,50.55
31,3,0,20.5,1,1,360,-31.2
31,3,0,20.75,1,0.25,180,96.95
31,3,0,21,1,0.5,250,-43.75
31,3,0,21.25,1,0.25,180,51.48
31,3,0,21.5,1,0.5,240,-0.85
31,3,0,21.75,1,0.25,180,10.98
1,4,0,12.25,1,0.5,150,-42.8
1,4,0,12.5,1,0.25,125,71.05
1,4,0,12.75,1,0.5,150,63.4
1,4,0,13,1,1,300,-24.5
1,4,0,13.25,1,0.25,140,178.68
1,4,0,13.5,1,0.5,160,103.1
1,4,1,13.75,1,0.25,140,125.45
1,4,1,14,1,0.25,124.99,86.39
1,4,1,14.25,1,0.5,160,-24.1
1,4,1,14.5,1,0.25,145,122.83
1,4,1,14.75,1,0.5,170,52.35
1,4,1,15,1,0.5,150,26
1,4,1,15.33333333,1,0.25,150,98
1,4,1,15.66666667,1,0.1,140,270.41
1,4,1,16,1,0.5,180,129.25
1,4,1,16.33333333,1,0.25,160,138.7
1,4,1,16.66666667,1,0.5,1536.76,-1244.26
1,4,1,17,1,1,300,-24.2
1,4,1,17.25,1,0.1,150,-30.61
1,4,1,17.5,1,0.2,160,-6.58
1,4,1,17.75,1,0.5,240,2.75
1,4,1,18,1,2,700,-112
1,4,1,18.25,1,0.5,300,123.4
1,4,1,18.5,1,1,380,42.2
1,4,1,18.75,1,0.5,300,12.1
1,4,1,19,1,2,600,239.6
1,4,1,19.25,1,0.5,300,127.9
1,4,1,19.5,1,1,380,69
1,4,1,19.75,1,0.5,300,51.2
1,4,1,20,1,2,600,199.2
1,4,1,20.25,1,0.5,240,29.35
1,4,1,20.5,1,1,360,-30.7
1,4,1,20.75,1,0.25,180,51.63
1,4,1,21,1,0.5,250,80.05
1,4,1,21.25,1,0.25,180,10.23
1,4,1,21.5,1,0.5,240,14.65
1,4,1,21.75,1,0.25,180,-13.85
3,6,0,12.25,1,0.5,160,-26.3
3,6,0,12.5,1,0.25,150,-32.85
3,6,0,12.75,1,0.5,160,-17.95
3,6,0,13,1,1,300.01,-137.81
3,6,0,13.25,1,0.25,155,26.8
3,6,0,13.5,1,0.5,165,-13.85
3,6,0,13.75,1,0.25,155,-76.28
3,6,0,14,1,0.1,145,-2.1
3,6,0,14.25,1,0.5,170,-8.4
3,6,0,14.5,1,0.25,160,-77.13
3,6,0,14.75,1,0.5,170,-54.1
3,6,0,15,1,0.2,155,-64.48
3,6,0,15.33333333,1,0.25,165,15.7
3,6,0,15.66666667,1,0.1,150,15.61
3,6,0,16,1,0.5,190,94.95
3,6,0,16.33333333,1,0.25,170.01,65.69
3,6,0,16.66666667,1,0.2,195,-58.04
3,6,0,17,1,0.5,550,-118.25
3,6,0,17.25,1,0.1,160,29.73
3,6,0,17.5,1,0.2,175,-17.94
3,6,0,17.75,1,0.5,240,20
3,6,0,18,1,1,1100,-253.7
3,6,0,18.25,1,0.5,300,5.65
3,6,0,18.5,1,1,380,21
3,6,0,18.75,1,0.5,300,-3.45
3,6,0,19,1,1,1100,-123.7
3,6,0,19.25,1,0.5,300,-33.95
3,6,0,19.5,1,1,380,-179.7
3,6,0,19.75,1,0.5,300,-22.35
3,6,0,20,1,0.2,1100,-60.04
3,6,0,20.41666667,1,0.140372601,3000,-744.52
3,6,0,20.75,1,0.25,550,-214.4
3,6,0,21,1,0.5,250,-50.5
3,6,0,21.33333333,1,0.25,190,-13.9
3,6,0,21.66666667,1,0.5,240,-83.2
4,7,1,12.25,0,0.5,300,-87.4
4,7,1,12.5,0,0.2,210,24.32
4,7,1,13.25,0,0.25,155,-91.75
4,7,1,13.5,0,0.5,165,-7.45
4,7,1,13.75,0,0.25,155,-54.4
4,7,1,14,0,0.1,145,6.24
4,7,1,14.25,0,0.5,170,15.05
4,7,1,14.5,0,0.25,160,-4.2
4,7,1,14.75,0,0.5,170,-2.55
4,7,1,15,0,0.2,155,-22.12
4,7,1,15.33333333,0,0.25,165,27.25
4,7,1,15.66666667,0,0.1,150,6.47
4,7,1,16,0,0.5,190,35.75
4,7,1,16.33333333,0,0.25,170,61.08
4,7,1,16.66666667,0,0.2,195,27.3
4,7,1,17,0,0.5,550,-14.4
4,7,1,17.25,0,0.1,160,7.88
4,7,1,17.5,0,0.2,175,-3.3
4,7,1,17.75,0,0.5,240,-31.3
4,7,1,18,0,1,600,-94.2
4,7,1,18.25,0,0.5,300,-0.25
4,7,1,18.5,0,1,380,-115
4,7,1,18.75,0,0.5,300,-139.7
4,7,1,19,0,1,1100,-286.7
4,7,1,19.25,0,0.5,300,-65.55
4,7,1,19.5,0,1,380,-128.9
4,7,1,19.75,0,0.5,300,-18.75
4,7,1,20,0,0.2,1100,-135.36
4,7,1,20.25,0,0.5,240,-81.2
4,7,1,20.5,0,1,360,-34.1
4,7,1,20.75,0,0.25,180,-26.6
4,7,1,21,0,0.5,250,28.3
4,7,1,21.25,0,0.25,180,4.55
4,7,1,21.5,0,0.5,240,-78.85
4,7,1,21.75,0,0.25,180,-2.9
6,2,0,12.25,0,0.5,150,-22.15
6,2,0,12.5,0,0.25,125,-11.95
6,2,0,12.75,0,0.5,150,-60.95
6,2,0,13,0,1,300,-59.9
6,2,0,13.25,0,0.25,140,17.9
6,2,0,13.5,0,0.5,160,43.75
6,2,0,13.75,0,0.25,140,9.88
6,2,0,14,0,1,250,-86.6
6,2,0,14.25,0,0.5,170,-22.95
6,2,0,14.5,0,0.25,145,-13.68
6,2,0,14.75,0,0.5,170,-66.25
6,2,0,15,0,1,250,-71.9
6,2,0,15.33333333,0,0.25,150,1.48
6,2,0,15.66666667,0,0.1,140,14.81
6,2,0,16,0,0.5,180,-40.05
6,2,0,16.33333333,0,0.25,160,1.38
6,2,0,16.66666667,0,0.5,180,-42.3
6,2,0,17,0,1,300,51.5
6,2,0,17.25,0,0.1,150,62.16
6,2,0,17.5,0,0.2,160,45.58
6,2,0,17.75,0,0.5,240,42.05
6,2,0,18,0,2,700,-143.6
6,2,0,18.25,0,0.5,300,-25.9
6,2,0,18.5,0,1,380,26.4
6,2,0,18.75,0,0.5,300,-4.3
6,2,0,19,0,2,600,-89.6
6,2,0,19.25,0,0.5,250,-56.15
6,2,0,19.5,0,1,380,-65
6,2,0,19.75,0,0.5,250,-30.8
6,2,0,20,0,2,600,-306.4
6,2,0,20.25,0,0.5,240,-18.1
6,2,0,20.5,0,1,360,-134.2
6,2,0,20.75,0,0.25,180,8.35
6,2,0,21,0,0.5,250,16.25
6,2,0,21.25,0,0.25,180,21.65
6,2,0,21.5,0,0.5,240.01,-37.91
6,2,0,21.75,0,0.25,180,23.63
7,3,0,12.25,0,0.5,150,24.5
7,3,0,12.5,0,0.25,1281.03,-1063.21
7,3,0,12.75,0,0.5,150,13.85
7,3,0,13,0,1,300,-43.3
7,3,0,13.25,0,0.25,140,-13.58
7,3,0,13.5,0,0.5,160,-12.2
7,3,0,13.75,0,0.25,140,12.23
7,3,0,14,0,1,250,-34.9
7,3,0,14.25,0,0.5,170,3.5
7,3,0,14.5,0,0.25,145,79.1
7,3,0,14.75,0,0.5,170,91.95
7,3,0,15,0,1,250,30
7,3,0,15.33333333,0,0.25,150,191.45
7,3,0,15.66666667,0,0.1,140,154.2
7,3,0,16,0,0.5,180,121.25
7,3,0,16.33333333,0,0.25,160,121.83
7,3,0,16.66666667,0,0.5,180,80.55
7,3,0,17,0,0.2,1200,578.98
7,3,0,17.25,0,0.1,150,60.95
7,3,0,17.5,0,0.1,600,155.38
7,3,0,17.75,0,0.5,240,17.8
7,3,0,18,0,0.2,1200,124.84
7,3,0,18.25,0,0.5,300,305.95
7,3,0,18.5,0,0.1,600,274.51
7,3,0,18.75,0,0.5,300.01,112.84
7,3,0,19,0,0.2,1200,203.5
7,3,0,19.25,0,0.5,250,67.3
7,3,0,19.5,0,0.1,600,154.35
7,3,0,19.75,0,0.5,250,-14.05
7,3,0,20,0,0.2,1200,-188.7
7,3,0,20.25,0,0.5,240,-24.4
7,3,0,20.5,0,1,360,-3.7
7,3,0,20.75,0,0.25,180,-2.65
7,3,0,21,0,0.5,250,-28.2
7,3,0,21.25,0,0.25,180,23.88
7,3,0,21.5,0,0.5,240,9.25
7,3,0,21.75,0,0.25,180,-25.73
8,4,0,12.25,0,0.5,150,-16.45
8,4,0,12.5,0,0.25,125,19.9
8,4,0,12.75,0,0.5,150,23.2
8,4,0,13,0,1,300,3.1
8,4,0,13.25,0,0.25,140,150.03
8,4,0,13.5,0,0.5,160,66.75
8,4,0,13.75,0,0.25,140,35.18
8,4,0,14,0,0.25,125,78.65
8,4,0,14.25,0,0.5,160,4.2
8,4,0,14.5,0,0.25,145,-0.23
8,4,0,14.75,0,0.5,170,-10.2
8,4,0,15,0,0.5,150,-38.3
8,4,0,15.33333333,0,0.25,150,6.9
8,4,0,15.66666667,0,0.1,140,-27.77
8,4,0,16,0,0.5,180,-45.6
8,4,0,16.33333333,0,0.25,160,80.28
8,4,0,16.66666667,0,0.5,180,134.1
8,4,0,17,0,0.2,1200,296.56
8,4,0,17.25,0,0.1,150,68.59
8,4,0,17.5,0,0.1,600,223.67
8,4,0,17.75,0,0.5,240,-42.95
8,4,0,18,0,0.2,1200,177.62
8,4,0,18.25,0,0.5,300,152.7
8,4,0,18.5,0,0.1,600,55.41
8,4,0,18.75,0,0.5,300,-39.9
8,4,0,19,0,0.2,1200,-63.26
8,4,0,19.25,0,0.5,300,-83.35
8,4,0,19.5,0,0.1,600,-19.09
8,4,0,19.75,0,0.5,300,66.7
8,4,0,20,0,0.2,1199.99,-24.09
8,4,0,20.25,0,0.5,240,77
8,4,0,20.5,0,1,360,44.6
8,4,0,20.75,0,0.25,180,-20.15
8,4,0,21,0,0.5,250,91.65
8,4,0,21.25,0,0.25,180,8.8
8,4,0,21.5,0,0.5,240,98.85
8,4,0,21.75,0,0.25,180,-2.2
9,5,0,12.25,0,0.5,150,-20.55
9,5,0,12.5,0,0.25,125,24.98
9,5,0,12.75,0,0.5,150,59.2
9,5,0,13,0,1,300,-83.8
9,5,0,13.25,0,0.25,140,-25.15
9,5,0,13.5,0,0.5,160,-8.35
9,5,0,13.75,0,0.25,140,6.88
9,5,0,14,0,0.25,125,40.75
9,5,0,14.25,0,0.5,160,-8.75
9,5,0,14.5,0,0.25,145,18.1
9,5,0,14.75,0,0.5,170,-7.3
9,5,0,15,0,0.5,150,27.55
9,5,0,15.33333333,0,0.25,150,39.08
9,5,0,15.66666667,0,0.1,140,6.18
9,5,0,16,0,0.5,180,20.2
9,5,0,16.33333333,0,0.25,160,22.28
9,5,0,16.66666667,0,0.5,180,18.05
9,5,0,17,0,0.2,1200,-49.98
9,5,0,17.25,0,0.1,150,32.44
9,5,0,17.5,0,0.1,600,-35.97
9,5,0,17.75,0,0.5,240,63
9,5,0,18,0,0.2,1200,151.46
9,5,0,18.25,0,0.5,300,112.8
9,5,0,18.5,0,0.1,600,18.02
9,5,0,18.75,0,0.5,300,30.35
9,5,0,19,0,0.2,1200,298.94
9,5,0,19.25,0,0.5,300,-7.95
9,5,0,19.5,0,0.1,600,-218.74
9,5,0,19.75,0,0.5,300,16.35
9,5,0,20,0,0.2,1200,247.96
9,5,0,20.25,0,0.5,240,71.75
9,5,0,20.5,0,1,360,-148.9
9,5,0,20.75,0,0.25,180,-44.23
9,5,0,21,0,0.5,250,39.8
9,5,0,21.25,0,0.25,180,-2.28
9,5,0,21.5,0,0.5,240,-27.25
9,5,0,21.75,0,0.25,180,18.38
10,6,0,12.25,0,0.5,160,-22
10,6,0,12.5,0,0.25,150,20.38
10,6,0,12.75,0,0.5,160,25.2
10,6,0,13,0,1,300,48.5
10,6,0,13.25,0,0.25,155,1.23
10,6,0,13.5,0,0.5,165,21.15
10,6,0,13.75,0,0.25,155,4.65
10,6,0,14,0,0.1,145,71.01
10,6,0,14.25,0,0.5,170,-21.85
10,6,0,14.5,0,0.25,160,35.58
10,6,0,14.75,0,0.5,170,4.65
10,6,0,15,0,0.2,155,67.7
10,6,0,15.33333333,0,0.25,165.01,15.94
10,6,0,15.66666667,0,0.1,150.01,130.56
10,6,0,16,0,0.5,190,37.4
10,6,0,16.33333333,0,0.25,170,55.13
10,6,0,16.66666667,0,0.2,195,126
10,6,0,17,0,0.2,1200,-64.8
10,6,0,17.25,0,0.1,160,94.09
10,6,0,17.5,0,0.1,1810.9,-1014.21
10,6,0,17.75,0,0.5,240,198.85
10,6,0,18,0,0.2,1199.99,426.95
10,6,0,18.25,0,0.5,300,157.1
10,6,0,18.5,0,0.1,600,112.62
10,6,0,18.75,0,0.5,300,228.9
10,6,0,19,0,0.2,1200,257.64
10,6,0,19.25,0,0.5,300,263.35
10,6,0,19.5,0,0.1,600,40.81
10,6,0,19.75,0,0.5,300,176.35
10,6,0,20,0,0.2,1200.02,186.5
10,6,0,20.41666667,0,0.713028169,5999.99,-1572.59
10,6,0,20.75,0,0.25,550,203.9
10,6,0,21,0,0.5,250,-3.35
10,6,0,21.33333333,0,0.25,190,20.83
10,6,0,21.66666667,0,0.5,240,-15.25
11,7,1,12.25,0,0.5,160,-83.1
11,7,1,12.5,0,0.25,150,-10.63
11,7,1,12.75,0,0.5,160,-13.05
11,7,1,13,0,1,300.01,-18.01
11,7,1,13.25,0,0.25,155,28.48
11,7,1,13.5,0,0.5,165,35.25
11,7,1,13.75,0,0.25,155,26.08
11,7,1,14,0,0.1,145.01,66.87
11,7,1,14.25,0,0.5,170,-9.35
11,7,1,14.5,0,0.25,160,11.08
11,7,1,14.75,0,0.5,170,-36.05
11,7,1,15,0,0.2,155,21.22
11,7,1,15.33333333,0,0.25,165,54.55
11,7,1,15.66666667,0,0.1,149.98,96.67
11,7,1,16,0,0.5,190,27.1
11,7,1,16.33333333,0,0.25,170,100.68
11,7,1,16.66666667,0,0.2,195,80
11,7,1,17,0,0.2,1200,382.54
11,7,1,17.25,0,0.1,160,10.72
11,7,1,17.5,0,0.1,600,0.08
11,7,1,17.75,0,0.5,240,-12.6
11,7,1,18,0,0.2,1200,-111.18
11,7,1,18.25,0,0.5,300,0.4
11,7,1,18.5,0,0.1,600,-25.31
11,7,1,18.75,0,0.5,300,37.5
11,7,1,19,0,0.2,1200,243.06
11,7,1,19.25,0,0.5,300,-12.65
11,7,1,19.5,0,0.1,600,-63.72
11,7,1,19.75,0,0.5,300,8.3
11,7,1,20,0,0.2,1200,21.68
11,7,1,20.25,0,0.5,240,100.8
11,7,1,20.5,0,1,360,-126
11,7,1,20.75,0,0.25,180,-15.35
11,7,1,21,0,0.5,250,-106.45
11,7,1,21.25,0,0.25,180,-3.63
11,7,1,21.5,0,0.5,240,-93.3
11,7,1,21.75,0,0.25,180,37.58
13,2,0,12.25,0,0.5,150,-6.55
13,2,0,12.5,0,0.25,125,19.6
13,2,0,12.75,0,0.5,150,-4.35
13,2,0,13,0,1,300.01,-5.71
13,2,0,13.25,0,0.25,140,49.8
13,2,0,13.5,0,0.5,160,14.25
13,2,0,13.75,0,0.25,140,2.78
13,2,0,14,0,1,250,-27.4
13,2,0,14.25,0,0.5,170,13
13,2,0,14.5,0,0.25,145,-13.83
13,2,0,14.75,0,0.5,170,-45.65
13,2,0,15,0,1,250,-118
13,2,0,15.33333333,0,0.25,150,-22.33
13,2,0,15.66666667,0,0.1,140,-29.67
13,2,0,16,0,0.5,180,78.5
13,2,0,16.33333333,0,0.25,160,58.23
13,2,0,16.66666667,0,0.5,180,125.25
13,2,0,17,0,1,300,-31.6
13,2,0,17.25,0,0.1,150,139.06
13,2,0,17.5,0,0.2,160,152.96
13,2,0,17.75,0,0.5,240,203.65
13,2,0,18,0,2,700,-85.4
13,2,0,18.25,0,0.5,300,38.3
13,2,0,18.5,0,1,380,-82.1
13,2,0,18.75,0,0.5,300,14.4
13,2,0,19,0,2,600,9.2
13,2,0,19.25,0,0.5,250,10.85
13,2,0,19.5,0,1,380,-55
13,2,0,19.75,0,0.5,250,-17.95
13,2,0,20,0,2,600,-87.4
13,2,0,20.25,0,0.5,240,53.6
13,2,0,20.5,0,1,360,-104
13,2,0,20.75,0,0.25,180,67.43
13,2,0,21,0,0.5,250.01,-4.31
13,2,0,21.25,0,0.25,180,-8.5
13,2,0,21.5,0,0.5,240,-114.8
13,2,0,21.75,0,0.25,180,-35
14,3,0,12.25,1,0.5,150,-11.75
14,3,0,12.5,1,0.25,125,7.75
14,3,0,12.75,1,0.5,150,14.4
14,3,0,13,1,1,300,-12.6
14,3,0,13.25,1,0.25,140,64.2
14,3,0,13.5,1,0.5,160,-43.55
14,3,0,13.75,1,0.25,140,-29.73
14,3,0,14,1,1,250,-116.1
14,3,0,14.25,1,0.5,170,56.1
14,3,0,14.5,1,0.25,145,12.7
14,3,0,14.75,1,0.5,170,6.4
14,3,0,15,1,1,250,21.9
14,3,0,15.33333333,1,0.25,150,148.03
14,3,0,15.66666667,1,0.1,140,90.11
14,3,0,16,1,0.5,180,143.7
14,3,0,16.33333333,1,0.25,160,31.23
14,3,0,16.66666667,1,0.5,180,91.9
14,3,0,17,1,1,300,150.7
14,3,0,17.25,1,0.1,150,226.59
14,3,0,17.5,1,0.2,160,208.56
14,3,0,17.75,1,0.5,240,74.6
14,3,0,18,1,2,700,178
14,3,0,18.25,1,0.5,300,51.95
14,3,0,18.5,1,1,380,67.8
14,3,0,18.75,1,0.5,300,183.45
14,3,0,19,1,2,600,253.8
14,3,0,19.25,1,0.5,250,31.75
14,3,0,19.5,1,1,380,32.7
14,3,0,19.75,1,0.5,250,67.8
14,3,0,20,1,2,600,-124.6
14,3,0,20.25,1,0.5,240,122.6
14,3,0,20.5,1,1,360,81
14,3,0,20.75,1,0.25,180,61.68
14,3,0,21,1,0.5,250,67.25
14,3,0,21.25,1,0.25,180,-5.4
14,3,0,21.5,1,0.5,240,-36.15
14,3,0,21.75,1,0.25,180,-24.75
15,4,0,12.25,1,0.5,150,-6.3
15,4,0,12.5,1,0.25,125,71.43
15,4,0,12.75,1,0.5,150,87.9
15,4,0,13,1,1,300,71.8
15,4,0,13.25,1,0.25,140,114.15
15,4,0,13.5,1,0.5,160,92.7
15,4,0,13.75,1,0.25,140,134.38
15,4,0,14,1,0.25,125,103.95
15,4,0,14.25,1,0.5,160,123.05
15,4,0,14.5,1,0.25,145,84.28
15,4,0,14.75,1,0.5,170,93.4
15,4,0,15,1,0.5,150,54.8
15,4,0,15.33333333,1,0.25,150,71.68
15,4,0,15.66666667,1,0.1,140,94.61
15,4,0,16,1,0.5,180,111.25
15,4,0,16.33333333,1,0.25,160,85.75
15,4,0,16.66666667,1,0.5,180,26.95
15,4,0,17,1,1,300,-46.8
15,4,0,17.25,1,0.1,150,38.6
15,4,0,17.5,1,0.2,160,49.42
15,4,0,17.75,1,0.5,240,-55.2
15,4,0,18,1,2,700,-216.2
15,4,0,18.25,1,0.5,300,-70.15
15,4,0,18.5,1,1,380,-126
15,4,0,18.75,1,0.5,300,-16.9
15,4,0,19,1,2,600,-279.2
15,4,0,19.25,1,0.5,300,-61.05
15,4,0,19.5,1,1,380,-157.7
15,4,0,19.75,1,0.5,300,-29.35
15,4,0,20,1,2,600,-297.6
15,4,0,20.25,1,0.5,240,-105.1
15,4,0,20.5,1,1,360,-87.2
15,4,0,20.75,1,0.25,180,45.15
15,4,0,21,1,0.5,250,-46.8
15,4,0,21.25,1,0.25,180,-18.6
15,4,0,21.5,1,0.5,240,-137.1
15,4,0,21.75,1,0.25,180,-32.7
16,5,0,12.25,1,0.5,150,28.4
16,5,0,12.5,1,0.25,125,69.65
16,5,0,12.75,1,0.5,150,13.6
16,5,0,13,1,1,300,-68.2
16,5,0,13.25,1,0.25,140,114.33
16,5,0,13.5,1,0.5,160,49.9
16,5,0,13.75,1,0.25,140,37.15
16,5,0,14,1,0.25,124.99,86.44
16,5,0,14.25,1,0.5,160,34.3
16,5,0,14.5,1,0.25,145,67.88
16,5,0,14.75,1,0.5,170,127.4
16,5,0,15,1,0.5,150,46.4
16,5,0,15.33333333,1,0.25,150,63.68
16,5,0,15.66666667,1,0.1,140,140.2
16,5,0,16,1,0.5,180,6.25
16,5,0,16.33333333,1,0.25,160,62.13
16,5,0,16.66666667,1,0.5,180,83.8
16,5,0,17,1,1,300,10.1
16,5,0,17.25,1,0.1,150,160.49
16,5,0,17.5,1,0.2,160,82.78
16,5,0,17.75,1,0.5,240,101.9
16,5,0,18,1,2,700,48.8
16,5,0,18.25,1,0.5,300,107.85
16,5,0,18.5,1,1,380,8.1
16,5,0,18.75,1,0.5,300,77.1
16,5,0,19,1,2,600,97.4
16,5,0,19.25,1,0.5,300,12.95
16,5,0,19.5,1,1,380,113.9
16,5,0,19.75,1,0.5,300,117.75
16,5,0,20,1,2,600,70.6
16,5,0,20.25,1,0.5,240,29.45
16,5,0,20.5,1,1,360,26.2
16,5,0,20.75,1,0.25,180,27.18
16,5,0,21,1,0.5,250,-7.9
16,5,0,21.25,1,0.25,180,89.2
16,5,0,21.5,1,0.5,240,29.55
16,5,0,21.75,1,0.25,180,135.4
17,6,0,12.25,0,0.5,160,-10.05
17,6,0,12.5,0,0.25,150,59.55
17,6,0,12.75,0,0.5,160,49.95
17,6,0,13,0,1,300,81.2
17,6,0,13.25,0,0.25,155,102.08
17,6,0,13.5,0,0.5,165,84.55
17,6,0,13.75,0,0.25,155,-9.75
17,6,0,14,0,0.1,145,43.33
17,6,0,14.25,0,0.5,170,-22
17,6,0,14.5,0,0.25,160,-20.55
17,6,0,14.75,0,0.5,170,-1.65
17,6,0,15,0,0.2,155,52.34
17,6,0,15.33333333,0,0.25,165,61.25
17,6,0,15.66666667,0,0.1,150,106.06
17,6,0,16,0,0.5,190,29.3
17,6,0,16.33333333,0,0.25,170,76.3
17,6,0,16.66666667,0,0.2,195,140.26
17,6,0,17,0,0.5,550,34
17,6,0,17.25,0,0.1,160,82
17,6,0,17.5,0,0.2,175,45.7
17,6,0,17.75,0,0.5,240,-42.7
17,6,0,18,0,1,1100,-203.4
17,6,0,18.25,0,0.5,300,92.45
17,6,0,18.5,0,1,380,191.5
17,6,0,18.75,0,0.5,300,131.55
17,6,0,19,0,1,1099.98,279.72
17,6,0,19.25,0,0.5,300,45.45
17,6,0,19.5,0,1,380,47.6
17,6,0,19.75,0,0.5,300,175.65
17,6,0,20,0,0.2,1100,952.26
17,6,0,20.41666667,0,0.705086929,5000,-1019.7
17,6,0,20.75,0,0.25,550.01,522.92
17,6,0,21,0,0.5,250,146
17,6,0,21.33333333,0,0.25,190,219.28
17,6,0,21.66666667,0,0.5,240,153.4
18,7,1,12.25,0,0.5,160,33.3
18,7,1,12.5,0,0.25,1531.89,-1262.22
18,7,1,12.75,0,0.5,160,83.55
18,7,1,13,0,1,300,55.8
18,7,1,13.25,0,0.25,155,61.95
18,7,1,13.5,0,0.5,165,33.45
18,7,1,13.75,0,0.25,155,108.33
18,7,1,14,0,0.1,145,15.18
18,7,1,14.25,0,0.5,170,-10.15
18,7,1,14.5,0,0.25,160,25.43
18,7,1,14.75,0,0.5,170,17.5
18,7,1,15,0,0.2,155,96.98
18,7,1,15.33333333,0,0.25,165,119.43
18,7,1,15.66666667,0,0.1,150,70.54
18,7,1,16,0,0.5,190,19.95
18,7,1,16.33333333,0,0.25,170,13.65
18,7,1,16.66666667,0,0.2,195,-22.94
18,7,1,17,0,0.2,1200.01,139.85
18,7,1,17.25,0,0.1,160,59.2
18,7,1,17.5,0,0.1,600,-167.43
18,7,1,17.75,0,0.5,240,-17.6
18,7,1,18,0,0.2,1200,-233.02
18,7,1,18.25,0,0.5,300.01,-30.71
18,7,1,18.5,0,0.1,600,32.39
18,7,1,18.75,0,0.5,300,57.65
18,7,1,19,0,0.2,1200,-196.82
18,7,1,19.25,0,0.5,300,-43
18,7,1,19.5,0,0.1,600.01,-241.52
18,7,1,19.75,0,0.5,300,-95.65
18,7,1,20,0,0.2,1200,1.54
18,7,1,20.25,0,0.5,240,-80.9
18,7,1,20.5,0,1,360,7.6
18,7,1,20.75,0,0.25,180,-66.78
18,7,1,21,0,0.5,250,-171.25
18,7,1,21.25,0,0.25,180,-13.98
18,7,1,21.5,0,0.5,240,-151.8
18,7,1,21.75,0,0.25,180,-107.1
21,3,0,12.25,0,0.5,150,-46.95
21,3,0,12.5,0,0.25,125,-6.1
21,3,0,12.75,0,0.5,150,-14.95
21,3,0,13,0,1,300,-137.4
21,3,0,13.25,0,0.25,140,-7.08
21,3,0,13.5,0,0.5,160,-40.55
21,3,0,13.75,0,0.25,140,-48.95
21,3,0,14,0,1,250,-63.1
21,3,0,14.25,0,0.5,170,27.6
21,3,0,14.5,0,0.25,145,46.68
21,3,0,14.75,0,0.5,170,-15.75
21,3,0,15,0,1,250,-54.8
21,3,0,15.33333333,0,0.25,150,-7.9
21,3,0,15.66666667,0,0.1,140,-15.47
21,3,0,16,0,0.5,180,-30.25
21,3,0,16.33333333,0,0.25,160,-14.95
21,3,0,16.66666667,0,0.5,180,-33.55
21,3,0,17,0,1,300,-45.9
21,3,0,17.25,0,0.1,150,12.29
21,3,0,17.5,0,0.2,160,31.3
21,3,0,17.75,0,0.5,240,40.75
21,3,0,18,0,2,700,27.4
21,3,0,18.25,0,0.5,300,3.25
21,3,0,18.5,0,1,380,99.4
21,3,0,18.75,0,0.5,300,164.15
21,3,0,19,0,2,600,245.2
21,3,0,19.25,0,0.5,250.01,71.94
21,3,0,19.5,0,1,380,48.2
21,3,0,19.75,0,0.5,250,55.6
21,3,0,20,0,2,600,48.6
21,3,0,20.25,0,0.5,240.01,38.54
21,3,0,20.5,0,1,360,-76.7
21,3,0,20.75,0,0.25,180,53.75
21,3,0,21,0,0.5,250,-26.5
21,3,0,21.25,0,0.25,180,26.35
21,3,0,21.5,0,0.5,240,-88.35
21,3,0,21.75,0,0.25,180,-25.1
22,4,0,12.25,1,0.5,150,16.9
22,4,0,12.5,1,0.25,125,26.85
22,4,0,12.75,1,0.5,150,-34.25
22,4,0,13,1,1,300,32.2
22,4,0,13.25,1,0.25,140,-16.3
22,4,0,13.5,1,0.5,159.99,50.01
22,4,0,13.75,1,0.25,140,-5.43
22,4,0,14,1,0.25,124.99,5.36
22,4,0,14.25,1,0.5,160,42.8
22,4,0,14.5,1,0.25,145,19.35
22,4,0,14.75,1,0.5,170,19.4
22,4,0,15,1,0.5,150,12.75
22,4,0,15.33333333,1,0.25,150,59.63
22,4,0,15.66666667,1,0.1,140,39.24
22,4,0,16,1,0.5,180,6.3
22,4,0,16.33333333,1,0.25,160,8.4
22,4,0,16.66666667,1,0.5,180,-38.4
22,4,0,17,1,0.2,1199.99,-135.49
22,4,0,17.25,1,0.1,150,36.15
22,4,0,17.5,1,0.1,600,32.07
22,4,0,17.75,1,0.5,240,0.1
22,4,0,18,1,0.2,1200,-221.02
22,4,0,18.25,1,0.5,300,20.05
22,4,0,18.5,1,0.1,600,111.66
22,4,0,18.75,1,0.5,300,131.15
22,4,0,19,1,0.2,1199.98,41.62
22,4,0,19.25,1,0.5,300,80.15
22,4,0,19.5,1,0.1,600.01,-17.68
22,4,0,19.75,1,0.5,300,101.1
22,4,0,20,1,0.2,1200,14.88
22,4,0,20.25,1,0.5,240,5.1
22,4,0,20.5,1,1,360,-54.8
22,4,0,20.75,1,0.25,180,10.95
22,4,0,21,1,0.5,250,-80.3
22,4,0,21.25,1,0.25,180,7.68
22,4,0,21.5,1,0.5,240,-119.75
22,4,0,21.75,1,0.25,180,-25.65
23,5,0,12.25,1,0.5,150,2.65
23,5,0,12.5,1,0.25,125,-36.33
23,5,0,12.75,1,0.5,150,-45.4
23,5,0,13,1,1,300,-124.8
23,5,0,13.25,1,0.25,140,-68.83
23,5,0,13.5,1,0.5,160,-74.4
23,5,0,13.75,1,0.25,140,-43.93
23,5,0,14,1,0.25,125,-18.48
23,5,0,14.25,1,0.5,160,-41.3
23,5,0,14.5,1,0.25,145,0.45
23,5,0,14.75,1,0.5,170,22.55
23,5,0,15,1,0.5,150,43.4
23,5,0,15.33333333,1,0.25,150,8.73
23,5,0,15.66666667,1,0.1,140,114.04
23,5,0,16,1,0.5,180,-9.95
23,5,0,16.33333333,1,0.25,160,23.83
23,5,0,16.66666667,1,0.5,180,-26.4
23,5,0,17,1,1,300,17.4
23,5,0,17.25,1,0.1,150,58.73
23,5,0,17.5,1,0.2,160,107.2
23,5,0,17.75,1,0.5,240.01,60.54
23,5,0,18,1,2,700,33.2
23,5,0,18.25,1,0.5,300,68.4
23,5,0,18.5,1,1,380,95.1
23,5,0,18.75,1,0.5,300,117.35
23,5,0,19,1,2,600.01,98.59
23,5,0,19.25,1,0.5,300,-30.2
23,5,0,19.5,1,1,380,95.9
23,5,0,19.75,1,0.5,300.01,57.74
23,5,0,20,1,2,600,63.6
23,5,0,20.25,1,0.5,240,17.1
23,5,0,20.5,1,1,360,15.5
23,5,0,20.75,1,0.25,180,99.55
23,5,0,21,1,0.5,250,25.5
23,5,0,21.25,1,0.25,180,27.5
23,5,0,21.5,1,0.5,240,-90.05
23,5,0,21.75,1,0.25,180,-50.63
24,6,0,12.25,1,0.5,160,66.1
24,6,0,12.5,1,0.25,150,46.08
24,6,0,12.75,1,0.5,160,15.85
24,6,0,13,1,1,300,14.2
24,6,0,13.25,1,0.25,155,8.78
24,6,0,13.5,1,0.5,165,-20.25
24,6,0,13.75,1,0.25,155,49.55
24,6,0,14,1,0.1,145,119.51
24,6,0,14.25,1,0.5,170,72.4
24,6,0,14.5,1,0.25,160,36.53
24,6,0,14.75,1,0.5,170,-38.55
24,6,0,15,1,0.2,155,128.18
24,6,0,15.33333333,1,0.25,165,64.95
24,6,0,15.66666667,1,0.1,150,65.69
24,6,0,16,1,0.5,190,-5.5
24,6,0,16.33333333,1,0.25,170,115.68
24,6,0,16.66666667,1,0.2,195,59
24,6,0,17,1,0.5,550,84.45
24,6,0,17.25,1,0.1,160.01,99.18
24,6,0,17.5,1,0.2,175,217.66
24,6,0,17.75,1,0.5,240,88.8
24,6,0,18,1,1,1100,5.1
24,6,0,18.25,1,0.5,300,96.5
24,6,0,18.5,1,1,380,31.9
24,6,0,18.75,1,0.5,300,80.8
24,6,0,19,1,1,1100,-45.9
24,6,0,19.25,1,0.5,300,87.1
24,6,0,19.5,1,1,380,60.2
24,6,0,19.75,1,0.5,300,84.65
24,6,0,20,1,0.2,1100,523.84
24,6,0,20.41666667,1,0.714207551,4999.98,-1458.18
24,6,0,20.75,1,0.25,1811.02,-898.52
24,6,0,21,1,0.5,250.01,29.14
24,6,0,21.33333333,1,0.25,190,113.45
24,6,0,21.66666667,1,0.5,240.01,86.64
25,7,1,12.25,1,0.5,160,-73.05
25,7,1,12.5,1,0.25,150,41.8
25,7,1,12.75,1,0.5,160,-24.45
25,7,1,13,1,1,300,-23.1
25,7,1,13.25,1,0.25,155,58.58
25,7,1,13.5,1,0.5,165,-2.5
25,7,1,13.75,1,0.25,155,42.1
25,7,1,14,1,0.1,1155.29,-982.8
25,7,1,14.25,1,0.5,170,-8.25
25,7,1,14.5,1,0.25,160,35.13
25,7,1,14.75,1,0.5,170,84.45
25,7,1,15,1,0.2,155,130.3
25,7,1,15.33333333,1,0.25,165,143.2
25,7,1,15.66666667,1,0.1,150,77.24
25,7,1,16,1,0.5,190,59.7
25,7,1,16.33333333,1,0.25,170,215.03
25,7,1,16.66666667,1,0.2,195,213.3
25,7,1,17,1,0.2,1200,555.18
25,7,1,17.25,1,0.1,160,114.81
25,7,1,17.5,1,0.1,600.02,260.25
25,7,1,17.75,1,0.5,240,90.05
25,7,1,18,1,0.2,1200,63.7
25,7,1,18.25,1,0.5,300,-5.85
25,7,1,18.5,1,0.1,600,-33.77
25,7,1,18.75,1,0.5,300,38.4
25,7,1,19,1,0.2,1200,131.62
25,7,1,19.25,1,0.5,300,34
25,7,1,19.5,1,0.1,600,-148.69
25,7,1,19.75,1,0.5,300,54.85
25,7,1,20,1,0.2,1200,-219.58
25,7,1,20.25,1,0.5,240,-92.9
25,7,1,20.5,1,1,360,100.1
25,7,1,20.75,1,0.25,180,29.35
25,7,1,21,1,0.5,250,52.95
25,7,1,21.25,1,0.25,180,21.1
25,7,1,21.5,1,0.5,240,-34.35
25,7,1,21.75,1,0.25,180,-47.65
27,2,0,12.25,1,0.5,150,-44.75
27,2,0,12.5,1,0.25,125,-5.35
27,2,0,12.75,1,0.5,150,-26.85
27,2,0,13,1,1,300,-9.8
27,2,0,13.25,1,0.25,140,82.08
27,2,0,13.5,1,0.5,160,-3.95
27,2,0,13.75,1,0.25,140,4.3
27,2,0,14,1,1,250,-62.7
27,2,0,14.25,1,0.5,170,-20.45
27,2,0,14.5,1,0.25,145,67.25
27,2,0,14.75,1,0.5,170,5.35
27,2,0,15,1,1,250,32
27,2,0,15.33333333,1,0.25,150,90.45
27,2,0,15.66666667,1,0.1,140,69.4
27,2,0,16,1,0.5,180,50.15
27,2,0,16.33333333,1,0.25,160,84.7
27,2,0,16.66666667,1,0.5,180,123.85
27,2,0,17,1,1,300,160.6
27,2,0,17.25,1,0.1,150,-27.42
27,2,0,17.5,1,0.2,160,14.04
27,2,0,17.75,1,0.5,240,6.95
27,2,0,18,1,2,700,-72.8
27,2,0,18.25,1,0.5,300,-30.85
27,2,0,18.5,1,1,380,4.7
27,2,0,18.75,1,0.5,300,15.25
27,2,0,19,1,2,600,40.2
27,2,0,19.25,1,0.5,250,-3
27,2,0,19.5,1,1,380,-83.3
27,2,0,19.75,1,0.5,250,52.25
27,2,0,20,1,2,600,0.2
27,2,0,20.25,1,0.5,240,30.65
27,2,0,20.5,1,1,360,-151.6
27,2,0,20.75,1,0.25,180,-31.9
27,2,0,21,1,0.5,250,-58.3
27,2,0,21.25,1,0.25,180,-17.45
27,2,0,21.5,1,0.5,240,-13.85
27,2,0,21.75,1,0.25,180,-31.38
28,3,0,12.25,1,0.5,150,-15.35
28,3,0,12.5,1,0.25,124.99,2.56
28,3,0,12.75,1,0.5,150,4.2
28,3,0,13,1,1,300,-3.4
28,3,0,13.25,1,0.25,140,101.18
28,3,0,13.5,1,0.5,160,-11.4
28,3,0,13.75,1,0.25,140,-2.95
28,3,0,14,1,1,250,5.2
28,3,0,14.25,1,0.5,170,68.8
28,3,0,14.5,1,0.25,145,50.28
28,3,0,14.75,1,0.5,170,51.25
28,3,0,15,1,1,250,-4.1
28,3,0,15.33333333,1,0.25,150,87.85
28,3,0,15.66666667,1,0.1,140,53.21
28,3,0,16,1,0.5,180,86.35
28,3,0,16.33333333,1,0.25,160,125.7
28,3,0,16.66666667,1,0.5,180,83.6
28,3,0,17,1,1,300,-3.1
28,3,0,17.25,1,0.1,150,11.05
28,3,0,17.5,1,0.2,160,5.08
28,3,0,17.75,1,0.5,240,-55.65
28,3,0,18,1,2,700,-128.6
28,3,0,18.25,1,0.5,300,-2.85
28,3,0,18.5,1,1,380,-16.3
28,3,0,18.75,1,0.5,300,94.6
28,3,0,19,1,2,600,70.2
28,3,0,19.25,1,0.5,250,147
28,3,0,19.5,1,1,380,80.6
28,3,0,19.75,1,0.5,250,-18.6
28,3,0,20,1,2,600,51.8
28,3,0,20.25,1,0.5,240,-10.75
28,3,0,20.5,1,1,360,-11
28,3,0,20.75,1,0.25,180,35.85
28,3,0,21,1,0.5,250.01,12.34
28,3,0,21.25,1,0.25,180,67.85
28,3,0,21.5,1,0.5,240,-26.5
28,3,0,21.75,1,0.25,180,-26.1
29,4,0,12.25,1,0.5,150,4.95
29,4,0,12.5,1,0.25,124.99,57.21
29,4,0,12.75,1,0.5,150,40.9
29,4,0,13,1,1,300,160.8
29,4,0,13.25,1,0.25,140,-22.58
29,4,0,13.5,1,0.5,160,-24.8
29,4,0,13.75,1,0.25,140,-11.73
29,4,0,14,1,0.25,125,16.55
29,4,0,14.25,1,0.5,160,-5.5
29,4,0,14.5,1,0.25,145,31.73
29,4,0,14.75,1,0.5,170,-11.15
29,4,0,15,1,0.5,150,-52.6
29,4,0,15.33333333,1,0.25,150,-25.95
29,4,0,15.66666667,1,0.1,140,7.34
29,4,0,16,1,0.5,180,1.2
29,4,0,16.33333333,1,0.25,160,-14.88
29,4,0,16.66666667,1,0.5,180,70.3
29,4,0,17,1,0.2,1200,164.74
29,4,0,17.25,1,0.1,150,63.05
29,4,0,17.5,1,0.1,600,111.3
29,4,0,17.75,1,0.5,240,13
29,4,0,18,1,0.2,1200,136.82
29,4,0,18.25,1,0.5,300,0.7
29,4,0,18.5,1,0.1,600.01,254.69
29,4,0,18.75,1,0.5,300,187.45
29,4,0,19,1,0.2,1200.03,546.59
29,4,0,19.25,1,0.5,300,35.75
29,4,0,19.5,1,0.1,1792.62,-1151.17
29,4,0,19.75,1,0.5,300,-8.85
29,4,0,20,1,0.2,1200,-133.9
29,4,0,20.25,1,0.5,240,8.1
29,4,0,20.5,1,1,360,-137.1
29,4,0,20.75,1,0.25,180,-12.28
29,4,0,21,1,0.5,250,-18.4
29,4,0,21.25,1,0.25,180,-22.23
29,4,0,21.5,1,0.5,240,-60.05
29,4,0,21.75,1,0.25,180,-44.95
30,5,0,12.25,0,0.5,150,63.15
30,5,0,12.5,0,0.25,125,65.58
30,5,0,12.75,0,0.5,150,56.35
30,5,0,13,0,1,300,45.3
30,5,0,13.25,0,0.25,140,26.53
30,5,0,13.5,0,0.5,160,36.2
30,5,0,13.75,0,0.25,140,-32.85
30,5,0,14,0,0.25,125,37.85
30,5,0,14.25,0,0.5,160,36.35
30,5,0,14.5,0,0.25,145,32.25
30,5,0,14.75,0,0.5,170,-57.95
30,5,0,15,0,0.5,150,-6.1
30,5,0,15.33333333,0,0.25,150,7.4
30,5,0,15.66666667,0,0.1,140,75.47
30,5,0,16,0,0.5,180,-10.75
30,5,0,16.33333333,0,0.25,160,38.25
30,5,0,16.66666667,0,0.5,180,-8.75
30,5,0,17,0,1,300,23.4
30,5,0,17.25,0,0.1,150,54.25
30,5,0,17.5,0,0.2,160,55.32
30,5,0,17.75,0,0.5,240,113.95
30,5,0,18,0,2,700,196.4
30,5,0,18.25,0,0.5,300,189.25
30,5,0,18.5,0,1,380,89.4
30,5,0,18.75,0,0.5,300,139.35
30,5,0,19,0,2,600,117
30,5,0,19.25,0,0.5,300,124.5
30,5,0,19.5,0,1,380,4.7
30,5,0,19.75,0,0.5,300,70.9
30,5,0,20,0,2,600,77.4
30,5,0,20.25,0,0.5,240,89
30,5,0,20.5,0,1,360,32.7
30,5,0,20.75,0,0.25,180,70.4
30,5,0,21,0,0.5,250,16.3
30,5,0,21.25,0,0.25,180,32.5
30,5,0,21.5,0,0.5,240,-54.6
30,5,0,21.75,0,0.25,180,17.1
1,6,0,12.25,0,0.5,160,-2.4
1,6,0,12.5,0,0.25,150,-6.28
1,6,0,12.75,0,0.5,160,36.4
1,6,0,13,0,1,300,42.8
1,6,0,13.25,0,0.25,155,33.63
1,6,0,13.5,0,0.5,165,-21.4
1,6,0,13.75,0,0.25,155,4.68
1,6,0,14,0,0.1,145,33.14
1,6,0,14.25,0,0.5,170,-9.9
1,6,0,14.5,0,0.25,160,-27.33
1,6,0,14.75,0,0.5,170,-57.15
1,6,0,15,0,0.2,154.99,-38.43
1,6,0,15.33333333,0,0.25,165.01,6.19
1,6,0,15.66666667,0,0.1,150,-21.77
1,6,0,16,0,0.5,190.01,-23.31
1,6,0,16.33333333,0,0.25,170,-6.78
1,6,0,16.66666667,0,0.2,195,17.58
1,6,0,17,0,0.5,550,-81.6
1,6,0,17.25,0,0.1,160,34.58
1,6,0,17.5,0,0.2,175,-33.52
1,6,0,17.75,0,0.5,240.01,72.14
1,6,0,18,0,1,1100,-17.5
1,6,0,18.25,0,0.5,300,21.2
1,6,0,18.5,0,1,380.02,132.78
1,6,0,18.75,0,0.5,300,21.5
1,6,0,19,0,1,1100,100
1,6,0,19.25,0,0.5,300,64.35
1,6,0,19.5,0,1,380,135.4
1,6,0,19.75,0,0.5,300,105.6
1,6,0,20,0,0.2,1100,582.42
1,6,0,20.41666667,0,0.699084801,6000,-479.1
1,6,0,20.75,0,0.25,550,304.05
1,6,0,21,0,0.5,250,6.2
1,6,0,21.33333333,0,0.25,190,121.05
1,6,0,21.66666667,0,0.5,240,99.8
2,7,1,12.25,0,0.5,160.01,49.94
2,7,1,12.5,0,0.25,150,44.55
2,7,1,12.75,0,0.5,160,62.3
2,7,1,13,0,1,300,121.5
2,7,1,13.25,0,0.25,155.01,150.29
2,7,1,13.5,0,0.5,165.01,114.69
2,7,1,13.75,0,0.25,155.01,63.79
2,7,1,14,0,0.1,145,88.97
2,7,1,14.25,0,0.5,170,109.25
2,7,1,14.5,0,0.25,160,83.7
2,7,1,14.75,0,0.5,170,147.55
2,7,1,15,0,0.2,155,76.92
2,7,1,15.33333333,0,0.25,165,46.75
2,7,1,15.66666667,0,0.1,149.98,128.23
2,7,1,16,0,0.5,190,16.4
2,7,1,16.33333333,0,0.25,170,27.85
2,7,1,16.66666667,0,0.2,195,117.86
2,7,1,17,0,0.2,2361.81,-1101.31
2,7,1,17.25,0,0.1,160.01,88.31
2,7,1,17.5,0,0.1,600,24.97
2,7,1,17.75,0,0.5,240,150.6
2,7,1,18,0,0.2,1199.99,-109.95
2,7,1,18.25,0,0.5,300,-34.35
2,7,1,18.5,0,0.1,600,9.21
2,7,1,18.75,0,0.5,300,-28.6
2,7,1,19,0,0.2,1200,-266.5
2,7,1,19.25,0,0.5,300,-23.65
2,7,1,19.5,0,0.1,600,-93.04
2,7,1,19.75,0,0.5,300,-55.7
2,7,1,20,0,0.2,1200,-280.08
2,7,1,20.25,0,0.5,240,-38.65
2,7,1,20.5,0,1,360,-74
2,7,1,20.75,0,0.25,180,-23.4
2,7,1,21,0,0.5,250,-41.5
2,7,1,21.25,0,0.25,180,-0.43
2,7,1,21.5,0,0.5,240,-4.4
2,7,1,21.75,0,0.25,180,-75.48
4,2,0,12.25,1,0.5,150,-16.2
4,2,0,12.5,1,0.25,125,29.98
4,2,0,12.75,1,0.5,150,0.45
4,2,0,13,1,1,300,-69.3
4,2,0,13.25,1,0.25,140,-19.78
4,2,0,13.5,1,0.5,160,-46.75
4,2,0,13.75,1,0.25,140,-42.73
4,2,0,14,1,1,250,-106.7
4,2,0,14.25,1,0.5,170,-32.25
4,2,0,14.5,1,0.25,145,17
4,2,0,14.75,1,0.5,170,-43.35
4,2,0,15,1,1,250,-87.6
4,2,0,15.33333333,1,0.25,150,13.53
4,2,0,15.66666667,1,0.1,140,42.45
4,2,0,16,1,0.5,180,-42.4
4,2,0,16.33333333,1,0.25,160,72.3
4,2,0,16.66666667,1,0.5,180,31.15
4,2,0,17,1,1,300,7.4
4,2,0,17.25,1,0.1,150,30.58
4,2,0,17.5,1,0.2,160,9.8
4,2,0,17.75,1,0.5,240,-14.7
4,2,0,18,1,2,700,82.4
4,2,0,18.25,1,0.5,300,106.15
4,2,0,18.5,1,1,380,7
4,2,0,18.75,1,0.5,300,64.2
4,2,0,19,1,2,600,128.2
4,2,0,19.25,1,0.5,250,41.1
4,2,0,19.5,1,1,380,-109.9
4,2,0,19.75,1,0.5,250,37.15
4,2,0,20,1,2,600,-125.4
4,2,0,20.25,1,0.5,240,-53.05
4,2,0,20.5,1,1,360,-192.4
4,2,0,20.75,1,0.25,180,-24.43
4,2,0,21,1,0.5,250,-41.3
4,2,0,21.25,1,0.25,180,-31.58
4,2,0,21.5,1,0.5,240.01,-4.56
4,2,0,21.75,1,0.25,180,-51.08
5,3,0,12.25,0,0.5,150,-22.2
5,3,0,12.5,0,0.25,125,8.38
5,3,0,12.75,0,0.5,150,2.8
5,3,0,13,0,1,300,-49.4
5,3,0,13.25,0,0.25,140,-5.53
5,3,0,13.5,0,0.5,160,-1.5
5,3,0,13.75,0,0.25,140,51.53
5,3,0,14,0,1,250,-107.1
5,3,0,14.25,0,0.5,170,45.45
5,3,0,14.5,0,0.25,145,72.68
5,3,0,14.75,0,0.5,170,1.45
5,3,0,15,0,1,250,23.2
5,3,0,15.33333333,0,0.25,150,72.7
5,3,0,15.66666667,0,0.1,140,13.04
5,3,0,16,0,0.5,180,-27.45
5,3,0,16.33333333,0,0.25,160,-24.2
5,3,0,16.66666667,0,0.5,180,-24.4
5,3,0,17,0,1,300,-72.2
5,3,0,17.25,0,0.1,150,31.69
5,3,0,17.5,0,0.2,160,36.74
5,3,0,17.75,0,0.5,240,-78.2
5,3,0,18,0,0.455018802,1200,234.1
5,3,0,18.25,0,0.5,300,25.25
5,3,0,18.5,0,1,380,5.5
5,3,0,18.75,0,0.5,300,98.6
5,3,0,19,0,0.59399061,1200,-37.52
5,3,0,19.25,0,0.5,250,86.05
5,3,0,19.5,0,1,380,60.5
5,3,0,19.75,0,0.5,250,165.6
5,3,0,20,0,0.955616438,1200,82.58
5,3,0,20.25,0,0.5,240,23.75
5,3,0,20.5,0,1,360,-31.1
5,3,0,20.75,0,0.25,180,61.43
5,3,0,21,0,0.5,250.01,96.04
5,3,0,21.25,0,0.25,180,49.95
5,3,0,21.5,0,0.5,240,14.35
5,3,0,21.75,0,0.25,180,4.5
6,4,0,12.25,0,0.5,150,-1.15
6,4,0,12.5,0,0.25,125,48.1
6,4,0,12.75,0,0.5,150,0
6,4,0,13,0,1,300,1
6,4,0,13.25,0,0.25,140,30.95
6,4,0,13.5,0,0.5,160,89.9
6,4,0,13.75,0,0.25,140,58.08
6,4,0,14,0,0.25,125,72.55
6,4,0,14.25,0,0.5,160,-41
6,4,0,14.5,0,0.25,145,59.38
6,4,0,14.75,0,0.5,170,71.7
6,4,0,15,0,0.5,150,-4.9
6,4,0,15.33333333,0,0.25,150,92.03
6,4,0,15.66666667,0,0.1,140,94.66
6,4,0,16,0,0.5,180,85.55
6,4,0,16.33333333,0,0.25,160,84.15
6,4,0,16.66666667,0,0.5,180,47.45
6,4,0,17,0,0.2,1200,253.34
6,4,0,17.25,0,0.1,1296.64,-1025.76
6,4,0,17.5,0,0.1,600,-195.92
6,4,0,17.75,0,0.5,240,3.5
6,4,0,18,0,0.60422212,1200,19.14
6,4,0,18.25,0,0.5,300,18.8
6,4,0,18.5,0,0.1,600,217.06
6,4,0,18.75,0,0.5,300,120
6,4,0,19,0,0.69210381,1200,-51.54
6,4,0,19.25,0,0.5,300,-7.1
6,4,0,19.5,0,0.1,600.01,133.69
6,4,0,19.75,0,0.5,300,182.35
6,4,0,20,0,0.952079867,1200,-151.34
6,4,0,20.25,0,0.5,240,82.3
6,4,0,20.5,0,1,360,-37.4
6,4,0,20.75,0,0.25,180,92.63
6,4,0,21,0,0.5,250.01,61.84
6,4,0,21.25,0,0.25,180,77.28
6,4,0,21.5,0,0.5,240,7.35
6,4,0,21.75,0,0.25,180,69.98
7,5,0,12.25,1,0.5,150,-26.95
7,5,0,12.5,1,0.25,124.99,-14.17
7,5,0,12.75,1,0.5,150,-35.8
7,5,0,13,1,1,300,-102.6
7,5,0,13.25,1,0.25,140,15.93
7,5,0,13.5,1,0.5,160,-43.5
7,5,0,13.75,1,0.25,140,-31.83
7,5,0,14,1,0.25,125,-26.98
7,5,0,14.25,1,0.5,160,-38.7
7,5,0,14.5,1,0.25,145,-48
7,5,0,14.75,1,0.5,170,26.25
7,5,0,15,1,0.5,150,-5.95
7,5,0,15.33333333,1,0.25,150,111.58
7,5,0,15.66666667,1,0.1,140,189.34
7,5,0,16,1,0.5,180,4.2
7,5,0,16.33333333,1,0.25,160,-15.55
7,5,0,16.66666667,1,0.5,180,-6.95
7,5,0,17,1,1,300,27.6
7,5,0,17.25,1,0.1,150,-14.86
7,5,0,17.5,1,0.2,160,65.64
7,5,0,17.75,1,0.5,240,29
7,5,0,18,1,0.42462203,1200,-125.36
7,5,0,18.25,1,0.5,300,-56.95
7,5,0,18.5,1,1,380,-42.1
7,5,0,18.75,1,0.5,300,97.55
7,5,0,19,1,0.497880928,1199.99,142.79
7,5,0,19.25,1,0.5,300,-89.9
7,5,0,19.5,1,1,380,-152.4
7,5,0,19.75,1,0.5,300,-36.25
7,5,0,20,1,0.444876325,1200,-292.02
7,5,0,20.25,1,0.5,240,-32.3
7,5,0,20.5,1,1,360,-79.9
7,5,0,20.75,1,0.25,180,74.6
7,5,0,21,1,0.5,250,55.25
7,5,0,21.25,1,0.25,180,23.63
7,5,0,21.5,1,0.5,240,17
7,5,0,21.75,1,0.25,180,59.63
8,6,0,12.25,0,0.5,160,28.15
8,6,0,12.5,0,0.25,150,25.2
8,6,0,12.75,0,0.5,160,-9.3
8,6,0,13,0,1,300,51.6
8,6,0,13.25,0,0.25,155,63.2
8,6,0,13.5,0,0.5,165,76.9
8,6,0,13.75,0,0.25,155,65.38
8,6,0,14,0,0.1,145,6.25
8,6,0,14.25,0,0.5,170,20.85
8,6,0,14.5,0,0.25,160,25.65
8,6,0,14.75,0,0.5,170,-37.95
8,6,0,15,0,0.2,155,-12.96
8,6,0,15.33333333,0,0.25,165,62.98
8,6,0,15.66666667,0,0.1,150.01,-21.48
8,6,0,16,0,0.5,190,97.6
8,6,0,16.33333333,0,0.25,170,37.58
8,6,0,16.66666667,0,0.2,195.01,14.13
8,6,0,17,0,0.5,550,325.15
8,6,0,17.25,0,0.1,160,113.35
8,6,0,17.5,0,0.2,175,77.74
8,6,0,17.75,0,0.5,240,44
8,6,0,18,0,1,1100.01,-181.21
8,6,0,18.25,0,0.5,300,174.2
8,6,0,18.5,0,1,380,136.9
8,6,0,18.75,0,0.5,300,-9.8
8,6,0,19,0,1,1100,-56.3
8,6,0,19.25,0,0.5,300,136.55
8,6,0,19.5,0,1,380,33.6
8,6,0,19.75,0,0.5,300.01,26.49
8,6,0,20,0,0.2,1099.99,447.73
8,6,0,20.41666667,0,0.453174516,5000.02,-1244.32
8,6,0,20.75,0,0.25,550,121.95
8,6,0,21,0,0.5,250,72.45
8,6,0,21.33333333,0,0.25,190.01,64.57
8,6,0,21.66666667,0,0.5,240,149.9
9,7,1,12.25,1,0.5,160,-47.35
9,7,1,12.5,1,0.25,150,-6.05
9,7,1,12.75,1,0.5,160,49.8
9,7,1,13,1,1,300,-95.7
9,7,1,13.25,1,0.25,155,30.65
9,7,1,13.5,1,0.5,165,-16.75
9,7,1,13.75,1,0.25,155,6.6
9,7,1,14,1,0.1,145,61.27
9,7,1,14.25,1,0.5,170,31.75
9,7,1,14.5,1,0.25,160,98.23
9,7,1,14.75,1,0.5,170,53.65
9,7,1,15,1,0.2,155,87.86
9,7,1,15.33333333,1,0.25,165,208.53
9,7,1,15.66666667,1,0.1,150,92.95
9,7,1,16,1,0.5,190.01,188.09
9,7,1,16.33333333,1,0.25,170,173.08
9,7,1,16.66666667,1,0.2,195,277.42
9,7,1,17,1,0.2,1199.99,484.53
9,7,1,17.25,1,0.1,160.01,27.65
9,7,1,17.5,1,0.1,600,494.88
9,7,1,17.75,1,0.5,240,204.5
9,7,1,18,1,0.2,1200,310.12
9,7,1,18.25,1,0.5,300,133.3
9,7,1,18.5,1,0.1,600,122.24
9,7,1,18.75,1,0.5,300,150.95
9,7,1,19,1,0.2,1200,193.36
9,7,1,19.25,1,0.5,300,234.85
9,7,1,19.5,1,0.1,600,-205.04
9,7,1,19.75,1,0.5,300,50.05
9,7,1,20,1,0.2,1200,-92.44
9,7,1,20.25,1,0.5,240,57.15
9,7,1,20.5,1,1,360,2.4
9,7,1,20.75,1,0.25,180,1.8
9,7,1,21,1,0.5,250,-96.25
9,7,1,21.25,1,0.25,180,-59.65
9,7,1,21.5,1,0.5,240,-115.5
9,7,1,21.75,1,0.25,180,-67.7
11,2,0,12.25,1,0.5,130,-46.15
11,2,0,12.5,1,0.25,125,34.18
11,2,0,12.75,1,0.5,150,4.4
11,2,0,13,1,1,250.01,-32.31
11,2,0,13.25,1,0.25,140,46.68
11,2,0,13.5,1,0.5,145,35.75
11,2,0,13.75,1,0.25,140,36.75
11,2,0,14,1,1,250,-12
11,2,0,14.25,1,0.5,170,-13.65
11,2,0,14.5,1,0.25,145,40.88
11,2,0,14.75,1,0.5,170,24.85
11,2,0,15,1,1,250,26.4
11,2,0,15.33333333,1,0.25,150,143.75
11,2,0,15.66666667,1,0.1,140,101.81
11,2,0,16,1,0.5,180,49.05
11,2,0,16.33333333,1,0.25,160,97.15
11,2,0,16.66666667,1,0.5,180,-26.95
11,2,0,17,1,1,300,-38.8
11,2,0,17.25,1,0.1,135,42.87
11,2,0,17.5,1,0.2,160,45.44
11,2,0,17.75,1,0.5,240.01,49.89
11,2,0,18,1,2,600,-13.4
11,2,0,18.25,1,0.5,250,122.75
11,2,0,18.5,1,1,380,48.2
11,2,0,18.75,1,0.5,250,81.5
11,2,0,19,1,2,600,254.2
11,2,0,19.25,1,0.5,250,22.65
11,2,0,19.5,1,1,350,-91.4
11,2,0,19.75,1,0.5,250,-43.15
11,2,0,20,1,2,600,-96.8
11,2,0,20.25,1,0.5,240.01,30.19
11,2,0,20.5,1,1,360,-144.7
11,2,0,20.75,1,0.25,180,16.65
11,2,0,21,1,0.5,250,-30
11,2,0,21.25,1,0.25,150,18.98
11,2,0,21.5,1,0.5,200,-4.25
11,2,0,21.75,1,0.25,150,37.9
12,3,0,12.25,0,0.5,130,-35.95
12,3,0,12.5,0,0.25,125,76.75
12,3,0,12.75,0,0.5,150,78
12,3,0,13,0,1,250,75.1
12,3,0,13.25,0,0.25,140,126.83
12,3,0,13.5,0,0.5,145,49.2
12,3,0,13.75,0,0.25,140,73.6
12,3,0,14,0,1,250,-37.9
12,3,0,14.25,0,0.5,170,39.25
12,3,0,14.5,0,0.25,145,-19
12,3,0,14.75,0,0.5,170,-16.55
12,3,0,15,0,1,250,-3.5
12,3,0,15.33333333,0,0.25,150,66.88
12,3,0,15.66666667,0,0.1,140,73.4
12,3,0,16,0,0.5,180,82.95
12,3,0,16.33333333,0,0.25,159.99,48.81
12,3,0,16.66666667,0,0.5,180,87.15
12,3,0,17,0,1,300,-28.1
12,3,0,17.25,0,0.1,135,190.59
12,3,0,17.5,0,0.2,160,156.26
12,3,0,17.75,0,0.5,240,55.8
12,3,0,18,0,2,600,161.6
12,3,0,18.25,0,0.5,250.01,60.54
12,3,0,18.5,0,1,380,10.7
12,3,0,18.75,0,0.5,250,53.55
12,3,0,19,0,2,600,276.6
12,3,0,19.25,0,0.5,250,160.95
12,3,0,19.5,0,1,350,60.1
12,3,0,19.75,0,0.5,250,94.35
12,3,0,20,0,2,600,175.8
12,3,0,20.25,0,0.5,240,36.95
12,3,0,20.5,0,1,360,62.3
12,3,0,20.75,0,0.25,180,58.53
12,3,0,21,0,0.5,250,15.05
12,3,0,21.25,0,0.25,150,11.83
12,3,0,21.5,0,0.5,200,-59.95
12,3,0,21.75,0,0.25,150,25.3
13,4,0,12.25,0,0.5,150,45.85
13,4,0,12.5,0,0.25,125,103.13
13,4,0,12.75,0,0.5,150,30.8
13,4,0,13,0,1,300,109.7
13,4,0,13.25,0,0.25,140,69.48
13,4,0,13.5,0,0.5,160,11.2
13,4,0,13.75,0,0.25,140,29.48
13,4,0,14,0,0.25,125,-9.58
13,4,0,14.25,0,0.5,160,-44.25
13,4,0,14.5,0,0.25,145,34.43
13,4,0,14.75,0,0.5,170,22.25
13,4,0,15,0,0.5,150,4.55
13,4,0,15.33333333,0,0.25,150,101.53
13,4,0,15.66666667,0,0.1,140,117.04
13,4,0,16,0,0.5,180,31.15
13,4,0,16.33333333,0,0.25,160,157.5
13,4,0,16.66666667,0,0.5,180,56.7
13,4,0,17,0,0.2,1200,149.92
13,4,0,17.25,0,0.1,150,96.83
13,4,0,17.5,0,0.1,1944.29,-1042.1
13,4,0,17.75,0,0.5,240,7.85
13,4,0,18,0,1,1200,-91.3
13,4,0,18.25,0,0.5,300,114.35
13,4,0,18.5,0,0.1,600,84.14
13,4,0,18.75,0,0.5,300,116.5
13,4,0,19,0,1,1200,-80.2
13,4,0,19.25,0,0.5,300,22.7
13,4,0,19.5,0,0.1,600,136.16
13,4,0,19.75,0,0.5,300,23.6
13,4,0,20,0,1,1200,-79.8
13,4,0,20.25,0,0.5,240,15.8
13,4,0,20.5,0,1,360,20.9
13,4,0,20.75,0,0.25,180,61.9
13,4,0,21,0,0.5,250,28.9
13,4,0,21.25,0,0.25,180,20.48
13,4,0,21.5,0,0.5,240,-58.65
13,4,0,21.75,0,0.25,180,2.93
14,5,0,12.25,0,0.5,130,-10
14,5,0,12.5,0,0.25,124.99,37.44
14,5,0,12.75,0,0.5,150,-6.1
14,5,0,13,0,1,250,92
14,5,0,13.25,0,0.25,140,58.58
14,5,0,13.5,0,0.5,145,-8.55
14,5,0,13.75,0,0.25,140,-0.28
14,5,0,14,0,1,250,72
14,5,0,14.25,0,0.5,170,-10.65
14,5,0,14.5,0,0.25,145,-24.75
14,5,0,14.75,0,0.5,170,-33.55
14,5,0,15,0,1,250,-13.5
14,5,0,15.33333333,0,0.25,150,31.3
14,5,0,15.66666667,0,0.1,140,119.75
14,5,0,16,0,0.5,180,76.7
14,5,0,16.33333333,0,0.25,160,116.85
14,5,0,16.66666667,0,0.5,180,0.75
14,5,0,17,0,1,300,36.6
14,5,0,17.25,0,0.1,135,40.33
14,5,0,17.5,0,0.2,160,67.2
14,5,0,17.75,0,0.5,240,39.3
14,5,0,18,0,2,600,-44.6
14,5,0,18.25,0,0.5,250,21.1
14,5,0,18.5,0,1,380,98.2
14,5,0,18.75,0,0.5,250,57.4
14,5,0,19,0,2,600,74.2
14,5,0,19.25,0,0.5,250,53.65
14,5,0,19.5,0,1,350,68.7
14,5,0,19.75,0,0.5,250.01,103.44
14,5,0,20,0,2,600,134.2
14,5,0,20.25,0,0.5,240,208.25
14,5,0,20.5,0,1,360,75
14,5,0,20.75,0,0.25,180,145.98
14,5,0,21,0,0.5,250,-1.15
14,5,0,21.25,0,0.25,150,70
14,5,0,21.5,0,0.5,200,-47
14,5,0,21.75,0,0.25,150,-11.28
15,6,0,12.25,0,0.5,160,-18
15,6,0,12.5,0,0.25,150,38.75
15,6,0,13,0,1,300,-261.3
15,6,0,13.25,0,0.25,155,-36.1
15,6,0,13.5,0,0.5,165,-13.2
15,6,0,13.75,0,0.25,155,47.6
15,6,0,14,0,0.1,145,33.23
15,6,0,14.25,0,0.5,170,-30.95
15,6,0,14.5,0,0.25,160,23.73
15,6,0,14.75,0,0.5,170,-27.65
15,6,0,15,0,0.2,155,-33.94
15,6,0,15.33333333,0,0.25,165,40.53
15,6,0,15.66666667,0,0.1,150,21.68
15,6,0,16,0,0.5,190,-33.85
15,6,0,16.33333333,0,0.25,170.01,63.19
15,6,0,16.66666667,0,0.2,195,4.26
15,6,0,17,0,0.5,550.01,150.99
15,6,0,17.25,0,0.1,160.01,27.24
15,6,0,17.5,0,0.2,175,24.98
15,6,0,17.75,0,0.5,240,75.65
15,6,0,18,0,1,1100,157.9
15,6,0,18.25,0,0.5,300,67.5
15,6,0,18.5,0,1,379.99,55.11
15,6,0,18.75,0,0.5,300,-26.3
15,6,0,19,0,1,1100,13.1
15,6,0,19.25,0,0.5,300,-53.75
15,6,0,19.5,0,1,379.99,-12.69
15,6,0,19.75,0,0.5,300,46.75
15,6,0,20,0,0.2,1099.98,491.56
15,6,0,20.41666667,0,0.3794943,5000,-1471.73
15,6,0,20.75,0,0.25,549.98,262.45
15,6,0,21,0,0.5,250,-1.55
15,6,0,21.33333333,0,0.25,190,96.18
15,6,0,21.66666667,0,0.5,240,-45.2
16,7,1,12.25,0,0.5,160,-28.4
16,7,1,12.5,0,0.25,150,-13.13
16,7,1,12.75,0,0.5,160,-53.4
16,7,1,13,0,1,300,-74.2
16,7,1,13.25,0,0.25,155,32.2
16,7,1,13.5,0,0.5,165,32.7
16,7,1,13.75,0,0.25,155,38.28
16,7,1,14,0,0.1,145,94.68
16,7,1,14.25,0,0.5,170,60.25
16,7,1,14.5,0,0.25,160,116.65
16,7,1,14.75,0,0.5,170,76.25
16,7,1,15,0,0.2,155,5.72
16,7,1,15.33333333,0,0.25,165,56.55
16,7,1,15.66666667,0,0.1,150.01,72.65
16,7,1,16,0,0.5,190,140.9
16,7,1,16.33333333,0,0.25,170,75.98
16,7,1,16.66666667,0,0.2,195,110.76
16,7,1,17,0,0.2,1199.99,392.35
16,7,1,17.25,0,0.1,160,63.51
16,7,1,17.5,0,0.1,600,199.41
16,7,1,17.75,0,0.5,240,192.25
16,7,1,18,0,0.2,1200,27.18
16,7,1,18.25,0,0.5,300,42.8
16,7,1,18.5,0,0.1,600.01,203.32
16,7,1,18.75,0,0.5,300,100.8
16,7,1,19,0,0.2,1199.99,-101.39
16,7,1,19.25,0,0.5,300,-30.7
16,7,1,19.5,0,0.1,600,-139.96
16,7,1,19.75,0,0.5,300,-105.8
16,7,1,20,0,0.2,1200,-184.14
16,7,1,20.25,0,0.5,240.01,-61.16
16,7,1,20.5,0,1,360,-137.5
16,7,1,20.75,0,0.25,180,24.65
16,7,1,21,0,0.5,250,-106.5
16,7,1,21.25,0,0.25,180,11.08
16,7,1,21.5,0,0.5,240,-85.75
16,7,1,21.75,0,0.25,180,76.8
18,2,0,12.25,0,0.5,130,38.45
18,2,0,12.5,0,0.25,125,81.65
18,2,0,12.75,0,0.5,150,27.4
18,2,0,13,0,1,250,74.6
18,2,0,13.25,0,0.25,140,3.58
18,2,0,13.5,0,0.5,145,62.45
18,2,0,13.75,0,0.25,140,54.88
18,2,0,14,0,1,250,69.7
18,2,0,14.25,0,0.5,170,27.55
18,2,0,14.5,0,0.25,145,3.38
18,2,0,14.75,0,0.5,170,6.5
18,2,0,15,0,1,250,33.2
18,2,0,15.33333333,0,0.25,150,28.58
18,2,0,15.66666667,0,0.1,140,12.15
18,2,0,16,0,0.5,180,82.6
18,2,0,16.33333333,0,0.25,160,28.9
18,2,0,16.66666667,0,0.5,180,29.1
18,2,0,17,0,1,300,33.4
18,2,0,17.25,0,0.1,135,136.38
18,2,0,17.5,0,0.2,160,117.84
18,2,0,17.75,0,0.5,240,184.9
18,2,0,18,0,2,600,547
18,2,0,18.25,0,0.5,250,73.95
18,2,0,18.5,0,1,380,86.3
18,2,0,18.75,0,0.5,250,207.35
18,2,0,19,0,2,1846.07,-712.47
18,2,0,19.25,0,0.5,250,188
18,2,0,19.5,0,1,350,81.8
18,2,0,19.75,0,0.5,250,275.75
18,2,0,20,0,2,600,136.6
18,2,0,20.25,0,0.5,240,102.6
18,2,0,20.5,0,1,360,-4.1
18,2,0,20.75,0,0.25,180,116.25
18,2,0,21,0,0.5,250,5.25
18,2,0,21.25,0,0.25,150,-9.83
18,2,0,21.5,0,0.5,200,-77.15
18,2,0,21.75,0,0.25,150,-56.18
19,3,0,12.25,0,0.5,130,25.85
19,3,0,12.5,0,0.25,125,44.88
19,3,0,12.75,0,0.5,150,39.05
19,3,0,13,0,1,250,1.9
19,3,0,13.25,0,0.25,140,31.9
19,3,0,13.5,0,0.5,145,-28.7
19,3,0,13.75,0,0.25,140,-37.15
19,3,0,14,0,1,250,-129.9
19,3,0,14.25,0,0.5,170,-67.1
19,3,0,14.5,0,0.25,145,-42.15
19,3,0,14.75,0,0.5,170,-18.05
19,3,0,15,0,1,250,-111.9
19,3,0,15.33333333,0,0.25,150,-33.55
19,3,0,15.66666667,0,0.1,140.01,-5.07
19,3,0,16,0,0.5,180,9.05
19,3,0,16.33333333,0,0.25,160,23.03
19,3,0,16.66666667,0,0.5,180,54.1
19,3,0,17,0,1,300,68.3
19,3,0,17.25,0,0.1,135,-3.87
19,3,0,17.5,0,0.2,160,21.36
19,3,0,17.75,0,0.5,240,32.15
19,3,0,18,0,2,600,41.2
19,3,0,18.25,0,0.5,250,33.6
19,3,0,18.5,0,1,379.99,48.81
19,3,0,18.75,0,0.5,250,69.95
19,3,0,19,0,2,600,242.6
19,3,0,19.25,0,0.5,250,10.05
19,3,0,19.5,0,1,350,48.4
19,3,0,19.75,0,0.5,250,-17.3
19,3,0,20,0,2,600,-27.2
19,3,0,20.25,0,0.5,240,-21.35
19,3,0,20.5,0,1,360,85.3
19,3,0,20.75,0,0.25,180,103.1
19,3,0,21,0,0.5,250,55.95
19,3,0,21.25,0,0.25,150,47.68
19,3,0,21.5,0,0.5,200,55.8
19,3,0,21.75,0,0.25,150,52.63
20,4,0,12.25,0,0.5,150,7.45
20,4,0,12.5,0,0.25,125,-7.13
20,4,0,12.75,0,0.5,150,1.45
20,4,0,13,0,1,300,-3.9
20,4,0,13.25,0,0.25,140,48.88
20,4,0,13.5,0,0.5,160,-37
20,4,0,13.75,0,0.25,140,-49.55
20,4,0,14,0,0.25,125,71.45
20,4,0,14.25,0,0.5,160,47
20,4,0,14.5,0,0.25,145,124.33
20,4,0,14.75,0,0.5,170,14.05
20,4,0,15,0,0.5,150,38
20,4,0,15.33333333,0,0.25,150,74.55
20,4,0,15.66666667,0,0.1,140,62.88
20,4,0,16,0,0.5,180,13.15
20,4,0,16.33333333,0,0.25,160,23.48
20,4,0,16.66666667,0,0.5,180,-5.6
20,4,0,17,0,0.2,1200,52.44
20,4,0,17.25,0,0.1,150,101.49
20,4,0,17.5,0,0.1,600,2.75
20,4,0,17.75,0,0.5,240,-26.35
20,4,0,18,0,1,1200,-74.1
20,4,0,18.25,0,0.5,300,32.05
20,4,0,18.5,0,0.1,600,170.63
20,4,0,18.75,0,0.5,300,239.3
20,4,0,19,0,1,1200,332.8
20,4,0,19.25,0,0.5,300,123.75
20,4,0,19.5,0,0.1,600,286.86
20,4,0,19.75,0,0.5,300,103.75
20,4,0,20,0,1,1200,-15.5
20,4,0,20.25,0,0.5,240,62.9
20,4,0,20.5,0,1,360,122.3
20,4,0,20.75,0,0.25,180,109.3
20,4,0,21,0,0.5,250,57.95
20,4,0,21.25,0,0.25,180,180.18
20,4,0,21.5,0,0.5,240,86.65
20,4,0,21.75,0,0.25,180,55.08
21,5,0,12.25,0,0.5,130,-29.45
21,5,0,12.5,0,0.25,125,134.53
21,5,0,12.75,0,0.5,150,29.75
21,5,0,13,0,1,250,98
21,5,0,13.25,0,0.25,140,93.2
21,5,0,13.5,0,0.5,145,36.35
21,5,0,13.75,0,0.25,140,24.48
21,5,0,14,0,1,250,4
21,5,0,14.25,0,0.5,170,-48.3
21,5,0,14.5,0,0.25,145,8.48
21,5,0,14.75,0,0.5,170,0.1
21,5,0,15,0,1,250,-75.2
21,5,0,15.33333333,0,0.25,150,17.2
21,5,0,15.66666667,0,0.1,140,-2.89
21,5,0,16,0,0.5,180,36.65
21,5,0,16.33333333,0,0.25,160,-4.08
21,5,0,16.66666667,0,0.5,180,-42.3
21,5,0,17,0,1,300,-59
21,5,0,17.25,0,0.1,135,70.08
21,5,0,17.5,0,0.2,160,46.1
21,5,0,17.75,0,0.5,240.01,-22.66
21,5,0,18,0,2,600,-3
21,5,0,18.25,0,0.5,250.01,78.09
21,5,0,18.5,0,1,380,-72
21,5,0,18.75,0,0.5,250,112.65
21,5,0,19,0,2,600,100.4
21,5,0,19.25,0,0.5,250,153.85
21,5,0,19.5,0,1,350,17
21,5,0,19.75,0,0.5,250,71.8
21,5,0,20,0,2,600,4.8
21,5,0,20.25,0,0.5,240,29.75
21,5,0,20.5,0,1,360,41
21,5,0,20.75,0,0.25,180,78.1
21,5,0,21,0,0.5,250,115.15
21,5,0,21.25,0,0.25,150,49.03
21,5,0,21.5,0,0.5,200,-6.65
21,5,0,21.75,0,0.25,150,-9.33
22,6,0,12.25,1,0.5,160,-42.55
22,6,0,12.5,1,0.25,150,27.03
22,6,0,12.75,1,0.5,160,-10
22,6,0,13,1,1,300,63.4
22,6,0,13.25,1,0.25,155,78.68
22,6,0,13.5,1,0.5,165,65.95
22,6,0,13.75,1,0.25,155,84.4
22,6,0,14,1,0.1,145,63.62
22,6,0,14.25,1,0.5,170,-22.4
22,6,0,14.5,1,0.25,160,-26.33
22,6,0,14.75,1,0.5,170,-24.75
22,6,0,15,1,0.2,155,-34.08
22,6,0,15.33333333,1,0.25,165,5.53
22,6,0,15.66666667,1,0.1,150,-8.1
22,6,0,16,1,0.5,190,-67.15
22,6,0,16.33333333,1,0.25,170.01,-48.69
22,6,0,16.66666667,1,0.2,195,-34.9
22,6,0,17,1,0.5,550,84
22,6,0,17.25,1,0.1,160.01,43.37
22,6,0,17.5,1,0.2,174.99,16.89
22,6,0,17.75,1,0.5,240,-2.1
22,6,0,18,1,0.47503268,1200,462
22,6,0,18.25,1,0.5,300,51.2
22,6,0,18.5,1,1,380,82.2
22,6,0,18.75,1,0.5,300,101.55
22,6,0,19,1,0.444538527,1200,241.8
22,6,0,20,1,0.2,1200,817.82
22,6,0,20.25,1,0.5,240,67.45
22,6,0,20.5,1,1,360,93
22,6,0,20.75,1,0.25,180,12.18
22,6,0,21,1,0.5,250,2.1
22,6,0,21.25,1,0.25,150,-18.2
22,6,0,21.5,1,0.5,200,-34.85
22,6,0,21.75,1,0.25,150,-1.6
23,7,1,12.25,1,0.5,160,-0.6
23,7,1,12.5,1,0.25,150,-5.43
23,7,1,12.75,1,0.5,160,-4.5
23,7,1,13,1,1,300,-78
23,7,1,13.25,1,0.25,155,36.93
23,7,1,13.5,1,0.5,165,-2
23,7,1,13.75,1,0.25,155,31.98
23,7,1,14,1,0.1,145,171.51
23,7,1,14.25,1,0.5,170,54.2
23,7,1,14.5,1,0.25,160,-21.3
23,7,1,14.75,1,0.5,170,11.9
23,7,1,15,1,0.2,155,3.22
23,7,1,15.33333333,1,0.25,165,-15.68
23,7,1,15.66666667,1,0.1,150,116.05
23,7,1,16,1,0.5,190,50.45
23,7,1,16.33333333,1,0.25,170,42.85
23,7,1,16.66666667,1,0.2,195,176.56
23,7,1,17,1,0.2,2444.75,-456.31
23,7,1,17.25,1,0.1,160,154.02
23,7,1,17.5,1,0.1,600,23.74
23,7,1,17.75,1,0.5,240,150.75
23,7,1,18,1,0.2,1200,183.8
23,7,1,18.25,1,0.5,300,36.05
23,7,1,18.5,1,0.1,600,-58.34
23,7,1,18.75,1,0.5,300,43.15
23,7,1,19,1,0.2,1200,34.16
23,7,1,19.25,1,0.5,300,-123.8
23,7,1,19.5,1,0.1,600.05,-62.62
23,7,1,19.75,1,0.5,300,-174.2
23,7,1,20,1,0.2,1200,11.22
23,7,1,20.25,1,0.5,240,12.25
23,7,1,20.5,1,1,360,-144.9
23,7,1,20.75,1,0.25,180,-57.58
23,7,1,21,1,0.5,250,7.2
23,7,1,21.25,1,0.25,180,92.33
23,7,1,21.5,1,0.5,240,-13.9
23,7,1,21.75,1,0.25,180,70.33
26,3,0,12.25,1,0.5,130,-64.75
26,3,0,12.5,1,0.25,125,-40.75
26,3,0,12.75,1,0.5,150,-49.55
26,3,0,13,1,1,250,-140.2
26,3,0,13.25,1,0.25,140,-45.68
26,3,0,13.5,1,0.5,145,-44.65
26,3,0,13.75,1,0.25,140,-6.13
26,3,0,14,1,1,250,-74.9
26,3,0,14.25,1,0.5,170,-73.7
26,3,0,14.5,1,0.25,145,-2.78
26,3,0,14.75,1,0.5,170,-20.15
26,3,0,15,1,1,250,-3.2
26,3,0,15.33333333,1,0.25,150,35.05
26,3,0,15.66666667,1,0.1,140,12.9
26,3,0,16,1,0.5,180,-22.5
26,3,0,16.33333333,1,0.25,160,-3.63
26,3,0,16.66666667,1,0.5,180,-49.45
26,3,0,17,1,1,300,-94.4
26,3,0,17.25,1,0.1,135,-32.4
26,3,0,17.5,1,0.2,160,-24.64
26,3,0,17.75,1,0.5,240,-21.6
26,3,0,18,1,2,600,-14.8
26,3,0,18.25,1,0.5,250,40.95
26,3,0,18.5,1,1,380,66.2
26,3,0,18.75,1,0.5,250,-8.55
26,3,0,19,1,2,600,-5.6
26,3,0,19.25,1,0.5,250,41.8
26,3,0,19.5,1,1,350,80.2
26,3,0,19.75,1,0.5,250,13.85
26,3,0,20,1,2,600,-193.6
26,3,0,20.25,1,0.5,240,-21.95
26,3,0,20.5,1,1,360,-48.5
26,3,0,20.75,1,0.25,180,73.78
26,3,0,21,1,0.5,250,6.15
26,3,0,21.25,1,0.25,150,-3.83
26,3,0,21.5,1,0.5,200,-35.75
26,3,0,21.75,1,0.25,150,-46.23
27,4,0,12.25,0,0.5,130,-32.6
27,4,0,12.5,0,0.25,124.99,5.44
27,4,0,12.75,0,0.5,150,-38.9
27,4,0,13,0,1,250,16.5
27,4,0,13.25,0,0.25,140,48.33
27,4,0,13.5,0,0.5,145,34.75
27,4,0,13.75,0,0.25,140,42.45
27,4,0,14,0,1,250,-27.3
27,4,0,14.25,0,0.5,170,97.5
27,4,0,14.5,0,0.25,145,115.85
27,4,0,14.75,0,0.5,170,86.75
27,4,0,15,0,1,250,15.9
27,4,0,15.33333333,0,0.25,150,96.03
27,4,0,15.66666667,0,0.1,140,55.23
27,4,0,16,0,0.5,180,41.4
27,4,0,16.33333333,0,0.25,160,78.35
27,4,0,16.66666667,0,0.5,180,-35.05
27,4,0,17,0,1,300,38.1
27,4,0,17.25,0,0.1,135,154.02
27,4,0,17.5,0,0.2,160,42.86
27,4,0,17.75,0,0.5,240,9
27,4,0,18,0,2,600,118.4
27,4,0,18.25,0,0.5,250,-18.15
27,4,0,18.5,0,1,380,-87.4
27,4,0,18.75,0,0.5,250,-0.5
27,4,0,19,0,2,600,116.8
27,4,0,19.25,0,0.5,250,31.5
27,4,0,19.5,0,1,350,-26
27,4,0,19.75,0,0.5,250,37.8
27,4,0,20,0,2,600,47.8
27,4,0,20.25,0,0.5,240,-39.15
27,4,0,20.5,0,1,360,-84.2
27,4,0,20.75,0,0.25,180,-47.48
27,4,0,21,0,0.5,250,-59.3
27,4,0,21.25,0,0.25,150,3.1
27,4,0,21.5,0,0.5,200,-80.95
27,4,0,21.75,0,0.25,150,-52.35
28,5,0,12.25,0,0.5,130,34.6
28,5,0,12.5,0,0.25,125,70.6
28,5,0,12.75,0,0.5,150,29.4
28,5,0,13,0,1,250,43.6
28,5,0,13.25,0,0.25,140,-7.83
28,5,0,13.5,0,0.5,145,-21.65
28,5,0,13.75,0,0.25,140,19.58
28,5,0,14,0,1,250,-72.4
28,5,0,14.25,0,0.5,170,4.55
28,5,0,14.5,0,0.25,145,32.6
28,5,0,14.75,0,0.5,170,-36.8
28,5,0,15,0,1,250,-61
28,5,0,15.33333333,0,0.25,150,26.15
28,5,0,15.66666667,0,0.1,140,58.32
28,5,0,16,0,0.5,180,19.45
28,5,0,16.33333333,0,0.25,160,47.65
28,5,0,16.66666667,0,0.5,180,76.15
28,5,0,17,0,1,300,14.4
28,5,0,17.25,0,0.1,135,62.57
28,5,0,17.5,0,0.2,160,98.96
28,5,0,17.75,0,0.5,240,177.1
28,5,0,18,0,2,600,331.2
28,5,0,18.25,0,0.5,250,144.35
28,5,0,18.5,0,1,380,235.7
28,5,0,18.75,0,0.5,250,226.3
28,5,0,19,0,2,600,182
28,5,0,19.25,0,0.5,250,43.9
28,5,0,19.5,0,1,350,40.3
28,5,0,19.75,0,0.5,250,197.65
28,5,0,20,0,2,600,68
28,5,0,20.25,0,0.5,240,148.5
28,5,0,20.5,0,1,360,38.8
28,5,0,20.75,0,0.25,180,337.28
28,5,0,21,0,0.5,250,106.2
28,5,0,21.25,0,0.25,150,117.98
28,5,0,21.5,0,0.5,200,-8.45
28,5,0,21.75,0,0.25,150,23.38
29,6,0,12.25,0,0.5,130,52.95
29,6,0,12.5,0,0.25,125,85.28
29,6,0,12.75,0,0.5,150,135.6
29,6,0,13,0,1,250,127.1
29,6,0,13.25,0,0.25,140,96.15
29,6,0,13.5,0,0.5,145,19.3
29,6,0,13.75,0,0.25,140,107.93
29,6,0,14,0,1,250,93
29,6,0,14.25,0,0.5,170,120.05
29,6,0,14.5,0,0.25,145,65.38
29,6,0,14.75,0,0.5,170,40.15
29,6,0,15,0,1,250,-21.4
29,6,0,15.33333333,0,0.25,150,114.2
29,6,0,15.66666667,0,0.1,140,142.09
29,6,0,16,0,0.5,180,3.15
29,6,0,16.33333333,0,0.25,160,79.43
29,6,0,16.66666667,0,0.5,180,64.8
29,6,0,17,0,1,300,25.4
29,6,0,17.25,0,0.1,135,142.2
29,6,0,17.5,0,0.2,160,171.96
29,6,0,17.75,0,0.5,240,91.95
29,6,0,18,0,2,600.01,146.99
29,6,0,18.25,0,0.5,250,153.6
29,6,0,18.5,0,1,380,219.2
29,6,0,18.75,0,0.5,250.01,-9.41
29,6,0,19,0,2,600,354
29,6,0,19.25,0,0.5,250,87.5
29,6,0,19.5,0,1,350,206.3
29,6,0,19.75,0,0.5,250.01,86.94
29,6,0,20,0,2,600,39.4
29,6,0,20.25,0,0.5,240,67
29,6,0,20.5,0,1,360,101.5
29,6,0,20.75,0,0.25,180,90.55
29,6,0,21,0,0.5,250,8.2
29,6,0,21.25,0,0.25,150,9.45
29,6,0,21.5,0,0.5,200,-63.05
29,6,0,21.75,0,0.25,150,77.23
30,7,1,12.25,1,0.5,160,-6.45
30,7,1,12.5,1,0.25,150,151.9
30,7,1,12.75,1,0.5,160,74.4
30,7,1,13,1,1,300,108.6
30,7,1,13.25,1,0.25,155,103.63
30,7,1,13.5,1,0.5,165,121.35
30,7,1,13.75,1,0.25,155,131.98
30,7,1,14,1,0.1,145.01,428.15
30,7,1,14.25,1,0.5,170,34.95
30,7,1,14.5,1,0.25,160.01,185.57
30,7,1,14.75,1,0.5,170,48.65
30,7,1,15,1,0.2,155,67.22
30,7,1,15.33333333,1,0.25,165,99.08
30,7,1,15.66666667,1,0.1,150,180.09
30,7,1,16,1,0.5,190.01,40.69
30,7,1,16.33333333,1,0.25,170,68.5
30,7,1,16.66666667,1,0.2,195,17.18
30,7,1,17,1,0.2,700,65.88
30,7,1,17.25,1,0.1,160,7.76
30,7,1,17.5,1,0.1,600,52.96
30,7,1,17.75,1,0.5,240,-18.55
30,7,1,18,1,1,1200,-86.6
30,7,1,18.25,1,0.5,300,-120.05
30,7,1,18.5,1,0.1,600,-10.37
30,7,1,18.75,1,0.5,300,-76.05
30,7,1,19,1,2,1200,-447.6
30,7,1,19.25,1,0.5,300,-31.25
30,7,1,19.5,1,0.1,600,-136.8
30,7,1,19.75,1,0.5,300,-16.5
30,7,1,20,1,0.2,600,-73.46
30,7,1,20.25,1,0.5,240,2.6
30,7,1,20.5,1,1,300,-123.1
30,7,1,20.75,1,0.25,180,32.25
30,7,1,21,1,0.5,250,-144.95
30,7,1,21.25,1,0.25,180,-28.55
30,7,1,21.5,1,0.5,240,-118.15
30,7,1,21.75,1,0.25,180,48.63
2,3,0,12.25,0,0.5,130,-40.35
2,3,0,12.5,0,0.25,125,-11.38
2,3,0,12.75,0,0.5,150,-10.4
2,3,0,13,0,1,250,-63.5
2,3,0,13.25,0,0.25,140,14.28
2,3,0,13.5,0,0.5,145,14.45
2,3,0,13.75,0,0.25,140,11.2
2,3,0,14,0,1,250,-69.8
2,3,0,14.25,0,0.5,170,-7.55
2,3,0,14.5,0,0.25,145,0.6
2,3,0,14.75,0,0.5,170,-21.05
2,3,0,15,0,1,250,-43.2
2,3,0,15.33333333,0,0.25,150,4.8
2,3,0,15.66666667,0,0.1,140,45.94
2,3,0,16,0,0.5,180,2.7
2,3,0,16.33333333,0,0.25,160,39.23
2,3,0,16.66666667,0,0.5,180,136.8
2,3,0,17,0,1,300,26
2,3,0,17.25,0,0.1,135,76.86
2,3,0,17.5,0,0.2,160,111
2,3,0,17.75,0,0.5,240,19.65
2,3,0,18,0,2,600,-121.2
2,3,0,18.25,0,0.5,250,26.75
2,3,0,18.5,0,1,380,-97.4
2,3,0,18.75,0,0.5,250,-69
2,3,0,19,0,2,600,-261.6
2,3,0,19.25,0,0.5,250,-122.65
2,3,0,19.5,0,1,350,-232.9
2,3,0,19.75,0,0.5,250,-34.9
2,3,0,20,0,2,600,-191.4
2,3,0,20.25,0,0.5,240,-55.95
2,3,0,20.5,0,1,360,-187.2
2,3,0,20.75,0,0.25,180,-55.8
2,3,0,21,0,0.5,250,-98.8
2,3,0,21.25,0,0.25,150,-17.25
2,3,0,21.5,0,0.5,200,-17.1
2,3,0,21.75,0,0.25,150,0.98
3,4,0,12.25,1,0.5,129.99,46.96
3,4,0,12.5,1,0.25,125,88.83
3,4,0,12.75,1,0.5,150,133.9
3,4,0,13,1,1,250,44.6
3,4,0,13.25,1,0.25,140,107.38
3,4,0,13.5,1,0.5,145,153.55
3,4,0,13.75,1,0.25,140,176.58
3,4,0,14,1,1,250,177.8
3,4,0,14.25,1,0.5,170,224.95
3,4,0,14.5,1,0.25,1465.18,-1047.86
3,4,0,14.75,1,0.5,170,19.6
3,4,0,15,1,1,250,18.8
3,4,0,15.33333333,1,0.25,150,50.48
3,4,0,15.66666667,1,0.1,140,148.1
3,4,0,16,1,0.5,180,67.6
3,4,0,16.33333333,1,0.25,160,150.5
3,4,0,16.66666667,1,0.5,180,154.35
3,4,0,17,1,1,300,154.5
3,4,0,17.25,1,0.1,135,-25.37
3,4,0,17.5,1,0.2,160,-8.42
3,4,0,17.75,1,0.5,240,19.05
3,4,0,18,1,2,600,155.4
3,4,0,18.25,1,0.5,250,66.15
3,4,0,18.5,1,1,380,202.3
3,4,0,18.75,1,0.5,250,62.25
3,4,0,19,1,2,600,261.2
3,4,0,19.25,1,0.5,250,25.6
3,4,0,19.5,1,1,350,47.4
3,4,0,19.75,1,0.5,250,42.9
3,4,0,20,1,2,600,39.2
3,4,0,20.25,1,0.5,240,28.2
3,4,0,20.5,1,1,360,21.8
3,4,0,20.75,1,0.25,180,-12.7
3,4,0,21,1,0.5,250,67.85
3,4,0,21.25,1,0.25,150,60.08
3,4,0,21.5,1,0.5,200,-72.15
3,4,0,21.75,1,0.25,150,-22.3
4,5,0,12.25,1,0.5,130,-17.85
4,5,0,12.5,1,0.25,125,14.13
4,5,0,12.75,1,0.5,150,6
4,5,0,13,1,1,250,-48.9
4,5,0,13.25,1,0.25,140,39.18
4,5,0,13.5,1,0.5,145,11.35
4,5,0,13.75,1,0.25,140,28.05
4,5,0,14,1,1,250,-55.4
4,5,0,14.25,1,0.5,170,-16.55
4,5,0,14.5,1,0.25,144.99,8.59
4,5,0,14.75,1,0.5,170,6.05
4,5,0,15,1,1,250,-23.9
4,5,0,15.33333333,1,0.25,150,50.65
4,5,0,15.66666667,1,0.1,140,-17.6
4,5,0,16,1,0.5,180,-31.4
4,5,0,16.33333333,1,0.25,160,-21.75
4,5,0,16.66666667,1,0.5,180,-32.8
4,5,0,17,1,1,300,-53.1
4,5,0,17.25,1,0.1,135,3.24
4,5,0,17.5,1,0.2,160,-21.76
4,5,0,17.75,1,0.5,240,33.65
4,5,0,18,1,2,600,143.8
4,5,0,18.25,1,0.5,250,78.8
4,5,0,18.5,1,1,380,84.8
4,5,0,18.75,1,0.5,250,117.7
4,5,0,19,1,2,600,263.6
4,5,0,19.25,1,0.5,250,6.1
4,5,0,19.5,1,1,350,116.7
4,5,0,19.75,1,0.5,250,126.15
4,5,0,20,1,2,600,68.8
4,5,0,20.25,1,0.5,240,-3.1
4,5,0,20.5,1,1,360,-7.4
4,5,0,20.75,1,0.25,180,-36.8
4,5,0,21,1,0.5,250,-48.2
4,5,0,21.25,1,0.25,150,21.3
4,5,0,21.5,1,0.5,200,11.9
4,5,0,21.75,1,0.25,150,43.03
5,6,0,12.25,0,0.5,130,6
5,6,0,12.5,0,0.25,125,31.03
5,6,0,12.75,0,0.5,150,45.5
5,6,0,13,0,1,250,10.5
5,6,0,13.25,0,0.25,140,59.1
5,6,0,13.5,0,0.5,145,27.2
5,6,0,13.75,0,0.25,140,39.7
5,6,0,14,0,1,250,-99.1
5,6,0,14.25,0,0.5,170,-43
5,6,0,14.5,0,0.25,145,20.48
5,6,0,14.75,0,0.5,170,-50.3
5,6,0,15,0,1,250,-72.7
5,6,0,15.33333333,0,0.25,150,3.78
5,6,0,15.66666667,0,0.1,140,73.07
5,6,0,16,0,0.5,180,-40.75
5,6,0,16.33333333,0,0.25,160,31.13
5,6,0,16.66666667,0,0.5,180,31.6
5,6,0,17,0,1,300,123.5
5,6,0,17.25,0,0.1,135,201.76
5,6,0,17.5,0,0.2,160,153.86
5,6,0,17.75,0,0.5,240,64.05
5,6,0,18,0,2,600,207
5,6,0,18.25,0,0.5,250,180.25
5,6,0,18.5,0,1,380,135.5
5,6,0,18.75,0,0.5,250,187.25
5,6,0,19,0,2,600,406.8
5,6,0,19.25,0,0.5,250,72.05
5,6,0,19.5,0,1,350.01,33.29
5,6,0,19.75,0,0.5,250,140.25
5,6,0,20,0,2,600,57
5,6,0,20.25,0,0.5,240,129.25
5,6,0,20.5,0,1,360,93.9
5,6,0,20.75,0,0.25,180,201.73
5,6,0,21,0,0.5,250,153.5
5,6,0,21.25,0,0.25,150,29.15
5,6,0,21.5,0,0.5,200.01,112.04
5,6,0,21.75,0,0.25,150,50.23
6,7,1,12.25,0,0.5,160,32
6,7,1,12.5,0,0.25,150,55.78
6,7,1,12.75,0,0.5,160,62.15
6,7,1,13,0,1,300,-4.1
6,7,1,13.25,0,0.25,155,24.85
6,7,1,13.5,0,0.5,165,-34.05
6,7,1,13.75,0,0.25,155,86.23
6,7,1,14,0,0.1,145,70.77
6,7,1,14.25,0,0.5,170,106.95
6,7,1,14.5,0,0.25,160,202.63
6,7,1,14.75,0,0.5,170,138.15
6,7,1,15,0,0.2,155.01,188.49
6,7,1,15.33333333,0,0.25,165,151.03
6,7,1,15.66666667,0,0.1,150,128.56
6,7,1,16,0,0.5,190,129.5
6,7,1,16.33333333,0,0.25,170,159.55
6,7,1,16.66666667,0,0.2,195,244.78
6,7,1,17,0,0.2,700,458.06
6,7,1,17.25,0,0.1,160,148.05
6,7,1,17.5,0,0.1,600,280.95
6,7,1,17.75,0,0.5,240,74.05
6,7,1,18,0,1,1200,155.5
6,7,1,18.25,0,0.5,300,125.2
6,7,1,18.5,0,0.1,600,98.9
6,7,1,18.75,0,0.5,300,113.6
6,7,1,19,0,2,1200,-95.8
6,7,1,19.25,0,0.5,300,7.9
6,7,1,19.5,0,0.1,600,152.65
6,7,1,19.75,0,0.5,300,31.45
6,7,1,20,0,0.2,600,175.86
6,7,1,20.25,0,0.5,240,16.2
6,7,1,20.5,0,1,300,-73.6
6,7,1,20.75,0,0.25,180,45.63
6,7,1,21,0,0.5,250,5.3
6,7,1,21.25,0,0.25,180,36.1
6,7,1,21.5,0,0.5,240,-12.3
6,7,1,21.75,0,0.25,180,32
8,2,0,12.25,1,0.5,130,-10.1
8,2,0,12.5,1,0.25,125,-16.75
8,2,0,12.75,1,0.5,150,-26.5
8,2,0,13,1,1,250,-106.9
8,2,0,13.25,1,0.25,140,-52.45
8,2,0,13.5,1,0.5,145,3.6
8,2,0,13.75,1,0.25,140,-18.6
8,2,0,14,1,1,250,-36.1
8,2,0,14.25,1,0.5,170,-9.65
8,2,0,14.5,1,0.25,145,32.25
8,2,0,14.75,1,0.5,170,47.05
8,2,0,15,1,1,250,20.4
8,2,0,15.33333333,1,0.25,150,60.98
8,2,0,15.66666667,1,0.1,140,89.39
8,2,0,16,1,0.5,180,10.5
8,2,0,16.33333333,1,0.25,160,104.9
8,2,0,16.66666667,1,0.5,180,44.2
8,2,0,17,1,1,300,32.2
8,2,0,17.25,1,0.1,135,42.66
8,2,0,17.5,1,0.2,160,10.78
8,2,0,17.75,1,0.5,240.01,-29.26
8,2,0,18,1,2,600,53.2
8,2,0,18.25,1,0.5,250,76.7
8,2,0,18.5,1,1,380,115
8,2,0,18.75,1,0.5,250,23.25
8,2,0,19,1,2,600,422.6
8,2,0,19.25,1,0.5,250,86.05
8,2,0,19.5,1,1,350,145.4
8,2,0,19.75,1,0.5,250,23.35
8,2,0,20,1,2,600,206.4
8,2,0,20.25,1,0.5,240,11.9
8,2,0,20.5,1,1,360,-48.5
8,2,0,20.75,1,0.25,180,123.95
8,2,0,21,1,0.5,250,61.4
8,2,0,21.25,1,0.25,150,25.5
8,2,0,21.5,1,0.5,200,-43.85
8,2,0,21.75,1,0.25,150,37.43
9,3,0,12.25,1,0.5,129.99,-6.24
9,3,0,12.5,1,0.25,125,66.55
9,3,0,12.75,1,0.5,150,66.2
9,3,0,13,1,1,250,10.4
9,3,0,13.25,1,0.25,140,11.55
9,3,0,13.5,1,0.5,145,-15.5
9,3,0,13.75,1,0.25,140,28
9,3,0,14,1,1,250,-120.7
9,3,0,14.25,1,0.5,170,-24.95
9,3,0,14.5,1,0.25,144.99,31.24
9,3,0,14.75,1,0.5,170,42.05
9,3,0,15,1,1,250,-93.2
9,3,0,15.33333333,1,0.25,150,32.85
9,3,0,15.66666667,1,0.1,140.01,88.52
9,3,0,16,1,0.5,180,31.7
9,3,0,16.33333333,1,0.25,160,72.35
9,3,0,16.66666667,1,0.5,180,27.1
9,3,0,17,1,1,300,47.2
9,3,0,17.25,1,0.1,135,122.61
9,3,0,17.5,1,0.2,160,77.9
9,3,0,17.75,1,0.5,240,1.95
9,3,0,18,1,2,600,-120.6
9,3,0,18.25,1,0.5,250,-14.8
9,3,0,18.5,1,1,380,16.4
9,3,0,18.75,1,0.5,250,96.85
9,3,0,19,1,2,600,157.4
9,3,0,19.25,1,0.5,250,-12
9,3,0,19.5,1,1,350.01,34.49
9,3,0,19.75,1,0.5,250,-56.3
9,3,0,20,1,2,600,213.8
9,3,0,20.25,1,0.5,240,-41
9,3,0,20.5,1,1,360,-78.5
9,3,0,20.75,1,0.25,180,53.7
9,3,0,21,1,0.5,250,-47.95
9,3,0,21.25,1,0.25,150,29.2
9,3,0,21.5,1,0.5,200,-21.8
9,3,0,21.75,1,0.25,150,59.9
10,4,0,12.25,1,0.5,130,26.6
10,4,0,12.5,1,0.25,1411.31,-1238.54
10,4,0,12.75,1,0.5,150,2.1
10,4,0,13,1,1,250,-127.5
10,4,0,13.25,1,0.25,140,-53.83
10,4,0,13.5,1,0.5,145,-83.8
10,4,0,13.75,1,0.25,140,-61.03
10,4,0,14,1,1,250,-75.4
10,4,0,14.25,1,0.5,170,8.45
10,4,0,14.5,1,0.25,145,62.55
10,4,0,14.75,1,0.5,170,-22.85
10,4,0,15,1,1,250,-61.9
10,4,0,15.33333333,1,0.25,150,78.73
10,4,0,15.66666667,1,0.1,140,-23.61
10,4,0,16,1,0.5,180,-46.8
10,4,0,16.33333333,1,0.25,160,11.55
10,4,0,16.66666667,1,0.5,180,-33.9
10,4,0,17,1,1,300,-77.2
10,4,0,17.25,1,0.1,135,62.32
10,4,0,17.5,1,0.2,160,48.6
10,4,0,17.75,1,0.5,240,94.35
10,4,0,18,1,2,600,46.2
10,4,0,18.25,1,0.5,250,36
10,4,0,18.5,1,1,380,44
10,4,0,18.75,1,0.5,250,151.55
10,4,0,19,1,2,600,433.4
10,4,0,19.25,1,0.5,250,42.05
10,4,0,19.5,1,1,350,109.4
10,4,0,19.75,1,0.5,250,145.2
10,4,0,20,1,2,600,-82.8
10,4,0,20.25,1,0.5,240,1.65
10,4,0,20.5,1,1,360,4
10,4,0,20.75,1,0.25,180,132.45
10,4,0,21,1,0.5,250,54
10,4,0,21.25,1,0.25,150,30.03
10,4,0,21.5,1,0.5,200,29.9
10,4,0,21.75,1,0.25,150,38.35
11,5,0,12.25,1,0.5,130,-21
11,5,0,12.5,1,0.25,125,7.85
11,5,0,12.75,1,0.5,150,22.15
11,5,0,13,1,1,250,26.7
11,5,0,13.25,1,0.25,140,7.95
11,5,0,13.5,1,0.5,145,-44.2
11,5,0,13.75,1,0.25,140,-15.5
11,5,0,14,1,1,250,-54.6
11,5,0,14.25,1,0.5,170,-65.95
11,5,0,14.5,1,0.25,145,2.2
11,5,0,14.75,1,0.5,170,-30.15
11,5,0,15,1,1,250,5.7
11,5,0,15.33333333,1,0.25,150,89.15
11,5,0,15.66666667,1,0.1,140,8.68
11,5,0,16,1,0.5,180,-5.7
11,5,0,16.33333333,1,0.25,160,-36.93
11,5,0,16.66666667,1,0.5,180,-54.2
11,5,0,17,1,1,300,-78.2
11,5,0,17.25,1,0.1,135,5.38
11,5,0,17.5,1,0.2,160,53.32
11,5,0,17.75,1,0.5,240,51.55
11,5,0,18,1,2,600.01,344.99
11,5,0,18.25,1,0.5,250,44.85
11,5,0,18.5,1,1,380,102.7
11,5,0,18.75,1,0.5,250,122.8
11,5,0,19,1,2,600,260.6
11,5,0,19.25,1,0.5,250,25.35
11,5,0,19.5,1,1,350,-17.3
11,5,0,19.75,1,0.5,250,-9.25
11,5,0,20,1,2,600,-16.4
11,5,0,20.25,1,0.5,240,-11.45
11,5,0,20.5,1,1,360,71
11,5,0,20.75,1,0.25,180,-24.98
11,5,0,21,1,0.5,250,-44
11,5,0,21.25,1,0.25,150,-19.48
11,5,0,21.5,1,0.5,200,-39
11,5,0,21.75,1,0.25,150,28.73
12,6,0,12.25,1,0.5,160,-43.35
12,6,0,12.5,1,0.25,150,-44.6
12,6,0,12.75,1,0.5,160,61
12,6,0,13,1,1,300.01,-65.21
12,6,0,13.25,1,0.25,155,10.63
12,6,0,13.5,1,0.5,165,-39.95
12,6,0,13.75,1,0.25,155,-8.33
12,6,0,14,1,0.1,145,-18.18
12,6,0,14.25,1,0.5,170,-2.45
12,6,0,14.5,1,0.25,160,-8.43
12,6,0,14.75,1,0.5,170,-1.05
12,6,0,15,1,0.2,155,-13.7
12,6,0,15.33333333,1,0.25,165,-6.93
12,6,0,15.66666667,1,0.1,150,45.35
12,6,0,16,1,0.5,190.01,-18.86
12,6,0,16.33333333,1,0.25,170,31.15
12,6,0,16.66666667,1,0.2,195,39.22
12,6,0,17,1,0.5,550,122.05
12,6,0,17.25,1,0.1,160,46.45
12,6,0,17.5,1,0.2,175,8.5
12,6,0,17.75,1,0.5,240,-24.05
12,6,0,18,1,1,1100,42.5
12,6,0,18.25,1,0.5,300.01,35.74
12,6,0,18.5,1,1,380,93.6
12,6,0,18.75,1,0.5,300,79.95
12,6,0,19,1,1,1100,864.1
12,6,0,19.25,1,0.5,300,138.8
12,6,0,19.5,1,1,380,184.5
12,6,0,19.75,1,0.5,300,98.4
12,6,0,20,1,0.2,1100,877.84
12,6,0,20.41666667,1,1.300800692,5000,467.9
12,6,0,20.75,1,0.25,550,695.35
12,6,0,21,1,0.5,250,127.7
12,6,0,21.33333333,1,0.25,190,98.7
12,6,0,21.66666667,1,0.5,240,61.95
13,7,1,12.25,1,0.5,160,-63.15
13,7,1,12.5,1,0.25,150,-37.93
13,7,1,12.75,1,0.5,160,-18.5
13,7,1,13,1,1,300,-90
13,7,1,13.25,1,0.25,155,11.95
13,7,1,13.5,1,0.5,165,-8.2
13,7,1,13.75,1,0.25,155,41.9
13,7,1,14,1,0.1,145,97.48
13,7,1,14.25,1,0.5,170,138.85
13,7,1,14.5,1,0.25,160,32.05
13,7,1,14.75,1,0.5,170,9.65
13,7,1,15,1,0.2,155,18.64
13,7,1,15.33333333,1,0.25,165,6.9
13,7,1,15.66666667,1,0.1,150,6.84
13,7,1,16,1,0.5,190,82.9
13,7,1,16.33333333,1,0.25,170,23.63
13,7,1,16.66666667,1,0.2,195,67.54
13,7,1,17,1,0.2,700,260.1
13,7,1,17.25,1,0.1,160,109.45
13,7,1,17.5,1,0.1,600,124.21
13,7,1,17.75,1,0.5,240,50.45
13,7,1,18,1,1,1200,567.2
13,7,1,18.25,1,0.5,300,30.55
13,7,1,18.5,1,0.1,600,190.65
13,7,1,18.75,1,0.5,300,247.6
13,7,1,19,1,2,1200,502.2
13,7,1,19.25,1,0.5,300,25.1
13,7,1,19.5,1,0.1,600.01,35.16
13,7,1,19.75,1,0.5,300,-29.4
13,7,1,20,1,0.2,600,68.5
13,7,1,20.25,1,0.5,240,-20.7
13,7,1,20.5,1,1,300,-38.2
13,7,1,20.75,1,0.25,180,-46.9
13,7,1,21,1,0.5,250,-139.3
13,7,1,21.25,1,0.25,180,-73.45
13,7,1,21.5,1,0.5,240,-115.9
13,7,1,21.75,1,0.25,180,-55.3
15,2,0,12.25,1,0.5,130,-36.8
15,2,0,12.5,1,0.25,125,-32.2
15,2,0,12.75,1,0.5,150,-56.75
15,2,0,13,1,1,250,-80.6
15,2,0,13.25,1,0.25,140,-9.28
15,2,0,13.5,1,0.5,145,-43.3
15,2,0,13.75,1,0.25,140,-71.13
15,2,0,14,1,1,250,-134.8
15,2,0,14.25,1,0.5,170,-74.55
15,2,0,14.5,1,0.25,145,25.43
15,2,0,14.75,1,0.5,170,-11
15,2,0,15,1,1,250,-95
15,2,0,15.33333333,1,0.25,150,11.38
15,2,0,15.66666667,1,0.1,140,26.35
15,2,0,16,1,0.5,180,20.7
15,2,0,16.33333333,1,0.25,160,26.35
15,2,0,16.66666667,1,0.5,180,16.25
15,2,0,17,1,1,300,-79.1
15,2,0,17.25,1,0.1,135,-26.4
15,2,0,17.5,1,0.2,160,-29.04
15,2,0,17.75,1,0.5,240,-119.55
15,2,0,18,1,2,600,28.8
15,2,0,18.25,1,0.5,250,54.15
15,2,0,18.5,1,1,380,111.5
15,2,0,18.75,1,0.5,250,204.2
15,2,0,19,1,2,600,296.4
15,2,0,19.25,1,0.5,250,11.55
15,2,0,19.5,1,1,350,70.2
15,2,0,19.75,1,0.5,250,-39.95
15,2,0,20,1,2,600,-25.8
15,2,0,20.25,1,0.5,240,12.85
15,2,0,20.5,1,1,360,19.5
15,2,0,20.75,1,0.25,180,31.43
15,2,0,21,1,0.5,250,-3.8
15,2,0,21.25,1,0.25,150,-18.45
15,2,0,21.5,1,0.5,200,-72.85
15,2,0,21.75,1,0.25,150,-40.4
16,3,0,12.25,1,0.5,130,4.1
16,3,0,12.5,1,0.25,125,42.28
16,3,0,12.75,1,0.5,150,47.65
16,3,0,13,1,1,250,-44.6
16,3,0,13.25,1,0.25,140,15.58
16,3,0,13.5,1,0.5,145,-36.65
16,3,0,13.75,1,0.25,140,-14.6
16,3,0,14,1,1,250,-43.7
16,3,0,14.25,1,0.5,170,-23.25
16,3,0,14.5,1,0.25,145,22.45
16,3,0,14.75,1,0.5,170,10.05
16,3,0,15,1,1,250,50.6
16,3,0,15.33333333,1,0.25,150,63.38
16,3,0,15.66666667,1,0.1,140,98.7
16,3,0,16,1,0.5,180,115.55
16,3,0,16.33333333,1,0.25,160,81.6
16,3,0,16.66666667,1,0.5,180,54.65
16,3,0,17,1,1,300,58
16,3,0,17.25,1,0.1,135,34.97
16,3,0,17.5,1,0.2,160,20.28
16,3,0,17.75,1,0.5,240,89.15
16,3,0,18,1,2,600,268
16,3,0,18.25,1,0.5,250,153.65
16,3,0,18.5,1,1,380,193.3
16,3,0,18.75,1,0.5,250.01,130.69
16,3,0,19,1,2,600,272
16,3,0,19.25,1,0.5,250,121.4
16,3,0,19.5,1,1,350,158.8
16,3,0,19.75,1,0.5,250,78.15
16,3,0,20,1,2,600.01,285.39
16,3,0,20.25,1,0.5,240.01,150.54
16,3,0,20.5,1,1,360,132.1
16,3,0,20.75,1,0.25,180,127.8
16,3,0,21,1,0.5,250,50.2
16,3,0,21.25,1,0.25,150,68
16,3,0,21.5,1,0.5,200,175.7
16,3,0,21.75,1,0.25,150,-41.85
